region_code,region_name,federal_district,family_project_performance_index,family_project_risk_index,pc1_score,outlier_score,is_outlier_top15pct
87,Чукотский автономный округ,Дальневосточный федеральный округ,100.0,0.0,7.290253987375596,0.6626067832900588,True
77,Москва,Центральный федеральный округ,3.37,96.63,-2.2528947351970836,0.6142010839730293,True
20,Чеченская Республика,Северо-Кавказский федеральный округ,98.88,1.12,6.833509586989998,0.6039090756168276,True
9,Карачаево-Черкесская Республика,Северо-Кавказский федеральный округ,74.16,25.84,0.48352385704588347,0.5518585092632172,True
5,Республика Дагестан,Северо-Кавказский федеральный округ,97.75,2.25,4.509708989258438,0.5502317312196418,True
6,Республика Ингушетия,Северо-Кавказский федеральный округ,95.51,4.49,3.629334562204042,0.5441323806425936,True
79,Еврейская автономная область,Дальневосточный федеральный округ,92.13,7.87,1.9694436416638876,0.5358352840354698,True
92,Севастополь,Южный федеральный округ,6.74,93.26,-1.6720369951765994,0.5186328753800139,True
17,Республика Тыва,Сибирский федеральный округ,96.63,3.37,4.214342231826243,0.5178766284584003,True
49,Магаданская область,Дальневосточный федеральный округ,61.8,38.2,-0.09460710614805543,0.4997939451426285,True
41,Камчатский край,Дальневосточный федеральный округ,89.89,10.11,1.5863267462813053,0.4956498656399259,True
83,Ненецкий автономный округ,Северо-Западный федеральный округ,94.38,5.62,2.301732682041379,0.48031556519934265,True
13,Республика Мордовия,Приволжский федеральный округ,1.12,98.88,-2.3403123750971386,0.4745353460200428,True
15,Республика Северная Осетия - Алания,Северо-Кавказский федеральный округ,91.01,8.99,1.8163222767930576,0.4680204017455806,True
57,Орловская область,Центральный федеральный округ,25.84,74.16,-0.9479603675340686,0.46354294523578754,False
46,Курская область,Центральный федеральный округ,42.7,57.3,-0.5556570192646735,0.4571152866254632,False
16,Республика Татарстан,Приволжский федеральный округ,15.73,84.27,-1.1782181315624805,0.45615330360554646,False
44,Костромская область,Центральный федеральный округ,69.66,30.34,0.22168870730826176,0.4540750045075375,False
7,Кабардино-Балкарская Республика,Северо-Кавказский федеральный округ,83.15,16.85,1.0507066051873615,0.45320712677084124,False
69,Тверская область,Центральный федеральный округ,84.27,15.73,1.06259561326747,0.44940541131887046,False
36,Воронежская область,Центральный федеральный округ,7.87,92.13,-1.6408284124829795,0.4464952447869404,False
53,Новгородская область,Северо-Западный федеральный округ,65.17,34.83,0.07020829039834965,0.44355385109779305,False
2,Республика Башкортостан,Приволжский федеральный округ,41.57,58.43,-0.565809260274112,0.43599881407318675,False
78,Санкт-Петербург,Северо-Западный федеральный округ,11.24,88.76,-1.5432694756151784,0.434925315494815,False
89,Ямало-Ненецкий автономный округ,Уральский федеральный округ,86.52,13.48,1.2219696290187128,0.4331256200783251,False
71,Тульская область,Центральный федеральный округ,16.85,83.15,-1.1630415983973788,0.42771514766017243,False
38,Иркутская область,Сибирский федеральный округ,87.64,12.36,1.4045209591004757,0.4226772274560113,False
67,Смоленская область,Центральный федеральный округ,37.08,62.92,-0.7383334003204906,0.4199958259547393,False
37,Ивановская область,Центральный федеральный округ,34.83,65.17,-0.7579180860668897,0.4165067982506695,False
60,Псковская область,Северо-Западный федеральный округ,58.43,41.57,-0.11162919328137266,0.4151969478580137,False
45,Курганская область,Уральский федеральный округ,85.39,14.61,1.1800011534847943,0.4139669507458368,False
8,Республика Калмыкия,Южный федеральный округ,30.34,69.66,-0.8991075078697301,0.41242434351674,False
68,Тамбовская область,Центральный федеральный округ,26.97,73.03,-0.9414758289227917,0.4114733953000109,False
14,Республика Саха (Якутия),Дальневосточный федеральный округ,78.65,21.35,0.6232205413480805,0.41026993439940035,False
34,Волгоградская область,Южный федеральный округ,21.35,78.65,-1.1139965324071113,0.40796266858964625,False
43,Кировская область,Приволжский федеральный округ,68.54,31.46,0.17694731942619055,0.40773770329051684,False
33,Владимирская область,Центральный федеральный округ,8.99,91.01,-1.5884940505583809,0.40767954334634043,False
3,Республика Бурятия,Дальневосточный федеральный округ,88.76,11.24,1.4565890044910064,0.40408859265561836,False
1,Республика Адыгея,Южный федеральный округ,12.36,87.64,-1.4190733077563498,0.4040481190047228,False
47,Ленинградская область,Северо-Западный федеральный округ,2.25,97.75,-2.289274788343399,0.4018719962916445,False
65,Сахалинская область,Дальневосточный федеральный округ,73.03,26.97,0.46377525541755676,0.40087312442921363,False
31,Белгородская область,Центральный федеральный округ,4.49,95.51,-1.9433382851312255,0.4008510937223917,False
12,Республика Марий Эл,Приволжский федеральный округ,52.81,47.19,-0.38575079662724476,0.40006215554935837,False
4,Республика Алтай,Сибирский федеральный округ,93.26,6.74,2.149279738675369,0.39956690414646934,False
42,Кемеровская область - Кузбасс,Сибирский федеральный округ,35.96,64.04,-0.7417872379822802,0.39878194757506924,False
70,Томская область,Сибирский федеральный округ,51.69,48.31,-0.4280102239612946,0.3963246420088004,False
58,Пензенская область,Приволжский федеральный округ,33.71,66.29,-0.7739308871096586,0.3944391210699886,False
75,Забайкальский край,Дальневосточный федеральный округ,82.02,17.98,1.0323163861926017,0.3941726724379908,False
51,Мурманская область,Северо-Западный федеральный округ,23.6,76.4,-0.994664485328967,0.3856913543566871,False
62,Рязанская область,Центральный федеральный округ,13.48,86.52,-1.2499410315411237,0.3855457830303801,False
50,Московская область,Центральный федеральный округ,39.33,60.67,-0.7346274942817116,0.38384737834692273,False
59,Пермский край,Приволжский федеральный округ,80.9,19.1,0.6762212734858346,0.3827750340536452,False
76,Ярославская область,Центральный федеральный округ,14.61,85.39,-1.1884669153652316,0.38230623656399576,False
48,Липецкая область,Центральный федеральный округ,5.62,94.38,-1.8286111989945864,0.38189102227492644,False
52,Нижегородская область,Приволжский федеральный округ,10.11,89.89,-1.5620090074917767,0.38167503266250585,False
11,Республика Коми,Северо-Западный федеральный округ,76.4,23.6,0.5606252988486956,0.38148636980327977,False
26,Ставропольский край,Северо-Кавказский федеральный округ,60.67,39.33,-0.09847944955493503,0.3798449382988631,False
86,Ханты-Мансийский автономный округ - Югра,Уральский федеральный округ,67.42,32.58,0.09719564358978193,0.37857239605275594,False
64,Саратовская область,Приволжский федеральный округ,19.1,80.9,-1.1429573408594165,0.37850860151009524,False
91,Республика Крым,Южный федеральный округ,75.28,24.72,0.48998439185045267,0.3778445772031548,False
63,Самарская область,Приволжский федеральный округ,46.07,53.93,-0.48232198240596624,0.37711551675223415,False
39,Калининградская область,Северо-Западный федеральный округ,29.21,70.79,-0.9295505588355594,0.3759481178976103,False
40,Калужская область,Центральный федеральный округ,32.58,67.42,-0.7936233904743272,0.37485049708653834,False
23,Краснодарский край,Южный федеральный округ,71.91,28.09,0.4314135257642271,0.373267093187629,False
30,Астраханская область,Южный федеральный округ,70.79,29.21,0.32624274532551606,0.37324876198734674,False
54,Новосибирская область,Сибирский федеральный округ,79.78,20.22,0.6398084844448946,0.3724941602616273,False
32,Брянская область,Центральный федеральный округ,20.22,79.78,-1.1191200510982724,0.3723673642015015,False
72,Тюменская область,Уральский федеральный округ,77.53,22.47,0.6203852165867992,0.37183026754471515,False
28,Амурская область,Дальневосточный федеральный округ,66.29,33.71,0.0929317358109605,0.36893521837716525,False
27,Хабаровский край,Дальневосточный федеральный округ,56.18,43.82,-0.23469574341942728,0.36466423023417466,False
19,Республика Хакасия,Сибирский федеральный округ,53.93,46.07,-0.3812897340402231,0.3638390397091041,False
29,Архангельская область,Северо-Западный федеральный округ,31.46,68.54,-0.8314995731672199,0.3638222238812938,False
55,Омская область,Сибирский федеральный округ,64.04,35.96,0.0666176860792784,0.3637720631414294,False
35,Вологодская область,Северо-Западный федеральный округ,43.82,56.18,-0.507262901089901,0.3628623898056993,False
73,Ульяновская область,Приволжский федеральный округ,38.2,61.8,-0.736279994871066,0.3613292906613637,False
22,Алтайский край,Сибирский федеральный округ,28.09,71.91,-0.93155958814964,0.359230243559989,False
10,Республика Карелия,Северо-Западный федеральный округ,62.92,37.08,-0.09245695841676049,0.3576249233576278,False
74,Челябинская область,Уральский федеральный округ,44.94,55.06,-0.49807957742783626,0.35344106910473627,False
21,Чувашская Республика - Чувашия,Приволжский федеральный округ,22.47,77.53,-1.0910790893317301,0.3520331648517155,False
56,Оренбургская область,Приволжский федеральный округ,40.45,59.55,-0.6572517392097522,0.35132472231595474,False
18,Удмуртская Республика,Приволжский федеральный округ,17.98,82.02,-1.1512104133644174,0.351021062272916,False
61,Ростовская область,Южный федеральный округ,24.72,75.28,-0.9764033668274019,0.3504440272517071,False
25,Приморский край,Дальневосточный федеральный округ,59.55,40.45,-0.09925442988516107,0.34404407902729434,False
66,Свердловская область,Уральский федеральный округ,55.06,44.94,-0.32880035545567166,0.3433144112248264,False
24,Красноярский край,Сибирский федеральный округ,57.3,42.7,-0.16500816734349488,0.33954220448896943,False
93,Донецкая Народная Республика,Новые регионы / Южный макрорегион,47.19,52.81,-0.4643072855728189,0.3304828873231155,False
90,Запорожская область,Новые регионы / Южный макрорегион,48.88,51.12,-0.46406418219402096,0.3304163953871445,False
94,Луганская Народная Республика,Новые регионы / Южный макрорегион,50.56,49.44,-0.4640479753021009,0.3304163953871445,False
95,Херсонская область,Новые регионы / Южный макрорегион,48.88,51.12,-0.46406418219402096,0.3304163953871445,False
