date,year,period_type,period_label,actual_value,source_file,indicator_code,indicator_name,source_title
2021-12-31,2021,год,значение показателя за год,38.2,data (20).xls,2.14.Я.1,Уровень бедности среди многодетных семей,"Уровень бедности среди многодетных семей (процент, значение показателя за год)"
2022-12-31,2022,год,значение показателя за год,29.4,data (20).xls,2.14.Я.1,Уровень бедности среди многодетных семей,"Уровень бедности среди многодетных семей (процент, значение показателя за год)"
2023-12-31,2023,год,значение показателя за год,21.5,data (20).xls,2.14.Я.1,Уровень бедности среди многодетных семей,"Уровень бедности среди многодетных семей (процент, значение показателя за год)"
2024-12-31,2024,год,значение показателя за год,19.8,data (20).xls,2.14.Я.1,Уровень бедности среди многодетных семей,"Уровень бедности среди многодетных семей (процент, значение показателя за год)"
2025-01-31,2025,месяц,январь,1.399,data (21).xls,2.14.Я.2,Суммарный коэффициент рождаемости (Я1),Суммарный коэффициент рождаемости (Я1)
2025-02-28,2025,месяц,февраль,1.394,data (21).xls,2.14.Я.2,Суммарный коэффициент рождаемости (Я1),Суммарный коэффициент рождаемости (Я1)
2025-03-31,2025,месяц,март,1.391,data (21).xls,2.14.Я.2,Суммарный коэффициент рождаемости (Я1),Суммарный коэффициент рождаемости (Я1)
2025-04-30,2025,месяц,апрель,1.388,data (21).xls,2.14.Я.2,Суммарный коэффициент рождаемости (Я1),Суммарный коэффициент рождаемости (Я1)
2025-05-31,2025,месяц,май,1.376,data (21).xls,2.14.Я.2,Суммарный коэффициент рождаемости (Я1),Суммарный коэффициент рождаемости (Я1)
2025-06-30,2025,месяц,июнь,1.379,data (21).xls,2.14.Я.2,Суммарный коэффициент рождаемости (Я1),Суммарный коэффициент рождаемости (Я1)
2025-07-31,2025,месяц,июль,1.376,data (21).xls,2.14.Я.2,Суммарный коэффициент рождаемости (Я1),Суммарный коэффициент рождаемости (Я1)
2025-08-31,2025,месяц,август,1.375,data (21).xls,2.14.Я.2,Суммарный коэффициент рождаемости (Я1),Суммарный коэффициент рождаемости (Я1)
2025-09-30,2025,месяц,сентябрь,1.382,data (21).xls,2.14.Я.2,Суммарный коэффициент рождаемости (Я1),Суммарный коэффициент рождаемости (Я1)
2025-10-31,2025,месяц,октябрь,1.384,data (21).xls,2.14.Я.2,Суммарный коэффициент рождаемости (Я1),Суммарный коэффициент рождаемости (Я1)
2025-11-30,2025,месяц,ноябрь,1.376,data (21).xls,2.14.Я.2,Суммарный коэффициент рождаемости (Я1),Суммарный коэффициент рождаемости (Я1)
2025-12-31,2025,год,значение показателя за год,1.361,data (21).xls,2.14.Я.2,Суммарный коэффициент рождаемости (Я1),Суммарный коэффициент рождаемости (Я1)
2026-01-31,2026,месяц,январь,1.362,data (21).xls,2.14.Я.2,Суммарный коэффициент рождаемости (Я1),Суммарный коэффициент рождаемости (Я1)
2026-02-28,2026,месяц,февраль,1.359,data (21).xls,2.14.Я.2,Суммарный коэффициент рождаемости (Я1),Суммарный коэффициент рождаемости (Я1)
2026-03-31,2026,месяц,март,1.359,data (21).xls,2.14.Я.2,Суммарный коэффициент рождаемости (Я1),Суммарный коэффициент рождаемости (Я1)
2025-01-31,2025,месяц,январь,0.375,data (22).xls,2.14.Я.3,Суммарный коэффициент рождаемости третьих и последующих детей (Я2),Суммарный коэффициент рождаемости третьих и последующих детей (Я2)
2025-02-28,2025,месяц,февраль,0.374,data (22).xls,2.14.Я.3,Суммарный коэффициент рождаемости третьих и последующих детей (Я2),Суммарный коэффициент рождаемости третьих и последующих детей (Я2)
2025-03-31,2025,месяц,март,0.372,data (22).xls,2.14.Я.3,Суммарный коэффициент рождаемости третьих и последующих детей (Я2),Суммарный коэффициент рождаемости третьих и последующих детей (Я2)
2025-04-30,2025,месяц,апрель,0.371,data (22).xls,2.14.Я.3,Суммарный коэффициент рождаемости третьих и последующих детей (Я2),Суммарный коэффициент рождаемости третьих и последующих детей (Я2)
2025-05-31,2025,месяц,май,0.367,data (22).xls,2.14.Я.3,Суммарный коэффициент рождаемости третьих и последующих детей (Я2),Суммарный коэффициент рождаемости третьих и последующих детей (Я2)
2025-06-30,2025,месяц,июнь,0.368,data (22).xls,2.14.Я.3,Суммарный коэффициент рождаемости третьих и последующих детей (Я2),Суммарный коэффициент рождаемости третьих и последующих детей (Я2)
2025-07-31,2025,месяц,июль,0.366,data (22).xls,2.14.Я.3,Суммарный коэффициент рождаемости третьих и последующих детей (Я2),Суммарный коэффициент рождаемости третьих и последующих детей (Я2)
2025-08-31,2025,месяц,август,0.365,data (22).xls,2.14.Я.3,Суммарный коэффициент рождаемости третьих и последующих детей (Я2),Суммарный коэффициент рождаемости третьих и последующих детей (Я2)
2025-09-30,2025,месяц,сентябрь,0.367,data (22).xls,2.14.Я.3,Суммарный коэффициент рождаемости третьих и последующих детей (Я2),Суммарный коэффициент рождаемости третьих и последующих детей (Я2)
2025-10-31,2025,месяц,октябрь,0.366,data (22).xls,2.14.Я.3,Суммарный коэффициент рождаемости третьих и последующих детей (Я2),Суммарный коэффициент рождаемости третьих и последующих детей (Я2)
2025-11-30,2025,месяц,ноябрь,0.363,data (22).xls,2.14.Я.3,Суммарный коэффициент рождаемости третьих и последующих детей (Я2),Суммарный коэффициент рождаемости третьих и последующих детей (Я2)
2025-12-31,2025,год,значение показателя за год,0.36,data (22).xls,2.14.Я.3,Суммарный коэффициент рождаемости третьих и последующих детей (Я2),Суммарный коэффициент рождаемости третьих и последующих детей (Я2)
2026-01-31,2026,месяц,январь,0.358,data (22).xls,2.14.Я.3,Суммарный коэффициент рождаемости третьих и последующих детей (Я2),Суммарный коэффициент рождаемости третьих и последующих детей (Я2)
2026-02-28,2026,месяц,февраль,0.357,data (22).xls,2.14.Я.3,Суммарный коэффициент рождаемости третьих и последующих детей (Я2),Суммарный коэффициент рождаемости третьих и последующих детей (Я2)
2026-03-31,2026,месяц,март,0.357,data (22).xls,2.14.Я.3,Суммарный коэффициент рождаемости третьих и последующих детей (Я2),Суммарный коэффициент рождаемости третьих и последующих детей (Я2)
2025-01-31,2025,месяц,январь,10.5,data (23).xls,2.14.Я.4,"Доля пожилых граждан и инвалидов, получающих долговременный уход, от общего числа нуждающихся в таком уходе граждан (Я4)","Доля пожилых граждан и инвалидов, получающих долговременный уход, от общего числа нуждающихся в таком уходе граждан (Я4)"
2025-02-28,2025,месяц,февраль,10.54,data (23).xls,2.14.Я.4,"Доля пожилых граждан и инвалидов, получающих долговременный уход, от общего числа нуждающихся в таком уходе граждан (Я4)","Доля пожилых граждан и инвалидов, получающих долговременный уход, от общего числа нуждающихся в таком уходе граждан (Я4)"
2025-03-31,2025,месяц,март,10.55,data (23).xls,2.14.Я.4,"Доля пожилых граждан и инвалидов, получающих долговременный уход, от общего числа нуждающихся в таком уходе граждан (Я4)","Доля пожилых граждан и инвалидов, получающих долговременный уход, от общего числа нуждающихся в таком уходе граждан (Я4)"
2025-04-30,2025,месяц,апрель,10.55,data (23).xls,2.14.Я.4,"Доля пожилых граждан и инвалидов, получающих долговременный уход, от общего числа нуждающихся в таком уходе граждан (Я4)","Доля пожилых граждан и инвалидов, получающих долговременный уход, от общего числа нуждающихся в таком уходе граждан (Я4)"
2025-05-31,2025,месяц,май,10.55,data (23).xls,2.14.Я.4,"Доля пожилых граждан и инвалидов, получающих долговременный уход, от общего числа нуждающихся в таком уходе граждан (Я4)","Доля пожилых граждан и инвалидов, получающих долговременный уход, от общего числа нуждающихся в таком уходе граждан (Я4)"
2025-06-30,2025,месяц,июнь,10.55,data (23).xls,2.14.Я.4,"Доля пожилых граждан и инвалидов, получающих долговременный уход, от общего числа нуждающихся в таком уходе граждан (Я4)","Доля пожилых граждан и инвалидов, получающих долговременный уход, от общего числа нуждающихся в таком уходе граждан (Я4)"
2025-07-31,2025,месяц,июль,10.55,data (23).xls,2.14.Я.4,"Доля пожилых граждан и инвалидов, получающих долговременный уход, от общего числа нуждающихся в таком уходе граждан (Я4)","Доля пожилых граждан и инвалидов, получающих долговременный уход, от общего числа нуждающихся в таком уходе граждан (Я4)"
2025-08-31,2025,месяц,август,10.55,data (23).xls,2.14.Я.4,"Доля пожилых граждан и инвалидов, получающих долговременный уход, от общего числа нуждающихся в таком уходе граждан (Я4)","Доля пожилых граждан и инвалидов, получающих долговременный уход, от общего числа нуждающихся в таком уходе граждан (Я4)"
2025-09-30,2025,месяц,сентябрь,10.55,data (23).xls,2.14.Я.4,"Доля пожилых граждан и инвалидов, получающих долговременный уход, от общего числа нуждающихся в таком уходе граждан (Я4)","Доля пожилых граждан и инвалидов, получающих долговременный уход, от общего числа нуждающихся в таком уходе граждан (Я4)"
2025-10-31,2025,месяц,октябрь,10.55,data (23).xls,2.14.Я.4,"Доля пожилых граждан и инвалидов, получающих долговременный уход, от общего числа нуждающихся в таком уходе граждан (Я4)","Доля пожилых граждан и инвалидов, получающих долговременный уход, от общего числа нуждающихся в таком уходе граждан (Я4)"
2025-11-30,2025,месяц,ноябрь,10.55,data (23).xls,2.14.Я.4,"Доля пожилых граждан и инвалидов, получающих долговременный уход, от общего числа нуждающихся в таком уходе граждан (Я4)","Доля пожилых граждан и инвалидов, получающих долговременный уход, от общего числа нуждающихся в таком уходе граждан (Я4)"
2025-12-31,2025,месяц,декабрь,10.55,data (23).xls,2.14.Я.4,"Доля пожилых граждан и инвалидов, получающих долговременный уход, от общего числа нуждающихся в таком уходе граждан (Я4)","Доля пожилых граждан и инвалидов, получающих долговременный уход, от общего числа нуждающихся в таком уходе граждан (Я4)"
2026-01-31,2026,месяц,январь,11.13,data (23).xls,2.14.Я.4,"Доля пожилых граждан и инвалидов, получающих долговременный уход, от общего числа нуждающихся в таком уходе граждан (Я4)","Доля пожилых граждан и инвалидов, получающих долговременный уход, от общего числа нуждающихся в таком уходе граждан (Я4)"
2026-02-28,2026,месяц,февраль,11.15,data (23).xls,2.14.Я.4,"Доля пожилых граждан и инвалидов, получающих долговременный уход, от общего числа нуждающихся в таком уходе граждан (Я4)","Доля пожилых граждан и инвалидов, получающих долговременный уход, от общего числа нуждающихся в таком уходе граждан (Я4)"
2026-03-31,2026,месяц,март,11.15,data (23).xls,2.14.Я.4,"Доля пожилых граждан и инвалидов, получающих долговременный уход, от общего числа нуждающихся в таком уходе граждан (Я4)","Доля пожилых граждан и инвалидов, получающих долговременный уход, от общего числа нуждающихся в таком уходе граждан (Я4)"
2025-01-31,2025,месяц,январь,0.0,data (24).xls,2.14.Я.5,"Количество созданных центров воспроизведения аудиовизуального контента в малых населенных пунктах с численностью населения до 50 тыс. человек, оснащенных необходимым оборудованием и подключенных к единой цифровой платформе с библиотекой современных продуктов российской киноиндустрии (Я5)","Количество созданных центров воспроизведения аудиовизуального контента в малых населенных пунктах с численностью населения до 50 тыс. человек, оснащенных необходимым оборудованием и подключенных к единой цифровой платформе с библиотекой современных продуктов российской киноиндустрии (Я5)"
2025-02-28,2025,месяц,февраль,0.0,data (24).xls,2.14.Я.5,"Количество созданных центров воспроизведения аудиовизуального контента в малых населенных пунктах с численностью населения до 50 тыс. человек, оснащенных необходимым оборудованием и подключенных к единой цифровой платформе с библиотекой современных продуктов российской киноиндустрии (Я5)","Количество созданных центров воспроизведения аудиовизуального контента в малых населенных пунктах с численностью населения до 50 тыс. человек, оснащенных необходимым оборудованием и подключенных к единой цифровой платформе с библиотекой современных продуктов российской киноиндустрии (Я5)"
2025-03-31,2025,месяц,март,0.0,data (24).xls,2.14.Я.5,"Количество созданных центров воспроизведения аудиовизуального контента в малых населенных пунктах с численностью населения до 50 тыс. человек, оснащенных необходимым оборудованием и подключенных к единой цифровой платформе с библиотекой современных продуктов российской киноиндустрии (Я5)","Количество созданных центров воспроизведения аудиовизуального контента в малых населенных пунктах с численностью населения до 50 тыс. человек, оснащенных необходимым оборудованием и подключенных к единой цифровой платформе с библиотекой современных продуктов российской киноиндустрии (Я5)"
2025-04-30,2025,месяц,апрель,0.0,data (24).xls,2.14.Я.5,"Количество созданных центров воспроизведения аудиовизуального контента в малых населенных пунктах с численностью населения до 50 тыс. человек, оснащенных необходимым оборудованием и подключенных к единой цифровой платформе с библиотекой современных продуктов российской киноиндустрии (Я5)","Количество созданных центров воспроизведения аудиовизуального контента в малых населенных пунктах с численностью населения до 50 тыс. человек, оснащенных необходимым оборудованием и подключенных к единой цифровой платформе с библиотекой современных продуктов российской киноиндустрии (Я5)"
2025-05-31,2025,месяц,май,0.0,data (24).xls,2.14.Я.5,"Количество созданных центров воспроизведения аудиовизуального контента в малых населенных пунктах с численностью населения до 50 тыс. человек, оснащенных необходимым оборудованием и подключенных к единой цифровой платформе с библиотекой современных продуктов российской киноиндустрии (Я5)","Количество созданных центров воспроизведения аудиовизуального контента в малых населенных пунктах с численностью населения до 50 тыс. человек, оснащенных необходимым оборудованием и подключенных к единой цифровой платформе с библиотекой современных продуктов российской киноиндустрии (Я5)"
2025-06-30,2025,месяц,июнь,0.0,data (24).xls,2.14.Я.5,"Количество созданных центров воспроизведения аудиовизуального контента в малых населенных пунктах с численностью населения до 50 тыс. человек, оснащенных необходимым оборудованием и подключенных к единой цифровой платформе с библиотекой современных продуктов российской киноиндустрии (Я5)","Количество созданных центров воспроизведения аудиовизуального контента в малых населенных пунктах с численностью населения до 50 тыс. человек, оснащенных необходимым оборудованием и подключенных к единой цифровой платформе с библиотекой современных продуктов российской киноиндустрии (Я5)"
2025-07-31,2025,месяц,июль,0.0,data (24).xls,2.14.Я.5,"Количество созданных центров воспроизведения аудиовизуального контента в малых населенных пунктах с численностью населения до 50 тыс. человек, оснащенных необходимым оборудованием и подключенных к единой цифровой платформе с библиотекой современных продуктов российской киноиндустрии (Я5)","Количество созданных центров воспроизведения аудиовизуального контента в малых населенных пунктах с численностью населения до 50 тыс. человек, оснащенных необходимым оборудованием и подключенных к единой цифровой платформе с библиотекой современных продуктов российской киноиндустрии (Я5)"
2025-08-31,2025,месяц,август,0.0,data (24).xls,2.14.Я.5,"Количество созданных центров воспроизведения аудиовизуального контента в малых населенных пунктах с численностью населения до 50 тыс. человек, оснащенных необходимым оборудованием и подключенных к единой цифровой платформе с библиотекой современных продуктов российской киноиндустрии (Я5)","Количество созданных центров воспроизведения аудиовизуального контента в малых населенных пунктах с численностью населения до 50 тыс. человек, оснащенных необходимым оборудованием и подключенных к единой цифровой платформе с библиотекой современных продуктов российской киноиндустрии (Я5)"
2025-09-30,2025,месяц,сентябрь,0.0,data (24).xls,2.14.Я.5,"Количество созданных центров воспроизведения аудиовизуального контента в малых населенных пунктах с численностью населения до 50 тыс. человек, оснащенных необходимым оборудованием и подключенных к единой цифровой платформе с библиотекой современных продуктов российской киноиндустрии (Я5)","Количество созданных центров воспроизведения аудиовизуального контента в малых населенных пунктах с численностью населения до 50 тыс. человек, оснащенных необходимым оборудованием и подключенных к единой цифровой платформе с библиотекой современных продуктов российской киноиндустрии (Я5)"
2025-10-31,2025,месяц,октябрь,0.0,data (24).xls,2.14.Я.5,"Количество созданных центров воспроизведения аудиовизуального контента в малых населенных пунктах с численностью населения до 50 тыс. человек, оснащенных необходимым оборудованием и подключенных к единой цифровой платформе с библиотекой современных продуктов российской киноиндустрии (Я5)","Количество созданных центров воспроизведения аудиовизуального контента в малых населенных пунктах с численностью населения до 50 тыс. человек, оснащенных необходимым оборудованием и подключенных к единой цифровой платформе с библиотекой современных продуктов российской киноиндустрии (Я5)"
2025-11-30,2025,месяц,ноябрь,0.0,data (24).xls,2.14.Я.5,"Количество созданных центров воспроизведения аудиовизуального контента в малых населенных пунктах с численностью населения до 50 тыс. человек, оснащенных необходимым оборудованием и подключенных к единой цифровой платформе с библиотекой современных продуктов российской киноиндустрии (Я5)","Количество созданных центров воспроизведения аудиовизуального контента в малых населенных пунктах с численностью населения до 50 тыс. человек, оснащенных необходимым оборудованием и подключенных к единой цифровой платформе с библиотекой современных продуктов российской киноиндустрии (Я5)"
2025-12-31,2025,месяц,декабрь,41.0,data (24).xls,2.14.Я.5,"Количество созданных центров воспроизведения аудиовизуального контента в малых населенных пунктах с численностью населения до 50 тыс. человек, оснащенных необходимым оборудованием и подключенных к единой цифровой платформе с библиотекой современных продуктов российской киноиндустрии (Я5)","Количество созданных центров воспроизведения аудиовизуального контента в малых населенных пунктах с численностью населения до 50 тыс. человек, оснащенных необходимым оборудованием и подключенных к единой цифровой платформе с библиотекой современных продуктов российской киноиндустрии (Я5)"
2026-01-31,2026,месяц,январь,41.0,data (24).xls,2.14.Я.5,"Количество созданных центров воспроизведения аудиовизуального контента в малых населенных пунктах с численностью населения до 50 тыс. человек, оснащенных необходимым оборудованием и подключенных к единой цифровой платформе с библиотекой современных продуктов российской киноиндустрии (Я5)","Количество созданных центров воспроизведения аудиовизуального контента в малых населенных пунктах с численностью населения до 50 тыс. человек, оснащенных необходимым оборудованием и подключенных к единой цифровой платформе с библиотекой современных продуктов российской киноиндустрии (Я5)"
2026-02-28,2026,месяц,февраль,41.0,data (24).xls,2.14.Я.5,"Количество созданных центров воспроизведения аудиовизуального контента в малых населенных пунктах с численностью населения до 50 тыс. человек, оснащенных необходимым оборудованием и подключенных к единой цифровой платформе с библиотекой современных продуктов российской киноиндустрии (Я5)","Количество созданных центров воспроизведения аудиовизуального контента в малых населенных пунктах с численностью населения до 50 тыс. человек, оснащенных необходимым оборудованием и подключенных к единой цифровой платформе с библиотекой современных продуктов российской киноиндустрии (Я5)"
2026-03-31,2026,месяц,март,41.0,data (24).xls,2.14.Я.5,"Количество созданных центров воспроизведения аудиовизуального контента в малых населенных пунктах с численностью населения до 50 тыс. человек, оснащенных необходимым оборудованием и подключенных к единой цифровой платформе с библиотекой современных продуктов российской киноиндустрии (Я5)","Количество созданных центров воспроизведения аудиовизуального контента в малых населенных пунктах с численностью населения до 50 тыс. человек, оснащенных необходимым оборудованием и подключенных к единой цифровой платформе с библиотекой современных продуктов российской киноиндустрии (Я5)"
2025-01-31,2025,месяц,январь,94.0,data (25).xls,2.14.Я.6,"Уровень удовлетворенности граждан работой государственных и муниципальных организаций культуры, искусства и народного творчества (Я5)","Уровень удовлетворенности граждан работой государственных и муниципальных организаций культуры, искусства и народного творчества (Я5)"
2025-02-28,2025,месяц,февраль,95.4,data (25).xls,2.14.Я.6,"Уровень удовлетворенности граждан работой государственных и муниципальных организаций культуры, искусства и народного творчества (Я5)","Уровень удовлетворенности граждан работой государственных и муниципальных организаций культуры, искусства и народного творчества (Я5)"
2025-03-31,2025,месяц,март,95.9,data (25).xls,2.14.Я.6,"Уровень удовлетворенности граждан работой государственных и муниципальных организаций культуры, искусства и народного творчества (Я5)","Уровень удовлетворенности граждан работой государственных и муниципальных организаций культуры, искусства и народного творчества (Я5)"
2025-04-30,2025,месяц,апрель,95.4,data (25).xls,2.14.Я.6,"Уровень удовлетворенности граждан работой государственных и муниципальных организаций культуры, искусства и народного творчества (Я5)","Уровень удовлетворенности граждан работой государственных и муниципальных организаций культуры, искусства и народного творчества (Я5)"
2025-05-31,2025,месяц,май,95.8,data (25).xls,2.14.Я.6,"Уровень удовлетворенности граждан работой государственных и муниципальных организаций культуры, искусства и народного творчества (Я5)","Уровень удовлетворенности граждан работой государственных и муниципальных организаций культуры, искусства и народного творчества (Я5)"
2025-06-30,2025,месяц,июнь,95.8,data (25).xls,2.14.Я.6,"Уровень удовлетворенности граждан работой государственных и муниципальных организаций культуры, искусства и народного творчества (Я5)","Уровень удовлетворенности граждан работой государственных и муниципальных организаций культуры, искусства и народного творчества (Я5)"
2025-07-31,2025,месяц,июль,96.1,data (25).xls,2.14.Я.6,"Уровень удовлетворенности граждан работой государственных и муниципальных организаций культуры, искусства и народного творчества (Я5)","Уровень удовлетворенности граждан работой государственных и муниципальных организаций культуры, искусства и народного творчества (Я5)"
2025-08-31,2025,месяц,август,95.9,data (25).xls,2.14.Я.6,"Уровень удовлетворенности граждан работой государственных и муниципальных организаций культуры, искусства и народного творчества (Я5)","Уровень удовлетворенности граждан работой государственных и муниципальных организаций культуры, искусства и народного творчества (Я5)"
2025-09-30,2025,месяц,сентябрь,96.6,data (25).xls,2.14.Я.6,"Уровень удовлетворенности граждан работой государственных и муниципальных организаций культуры, искусства и народного творчества (Я5)","Уровень удовлетворенности граждан работой государственных и муниципальных организаций культуры, искусства и народного творчества (Я5)"
2025-10-31,2025,месяц,октябрь,95.8,data (25).xls,2.14.Я.6,"Уровень удовлетворенности граждан работой государственных и муниципальных организаций культуры, искусства и народного творчества (Я5)","Уровень удовлетворенности граждан работой государственных и муниципальных организаций культуры, искусства и народного творчества (Я5)"
2025-11-30,2025,месяц,ноябрь,96.5,data (25).xls,2.14.Я.6,"Уровень удовлетворенности граждан работой государственных и муниципальных организаций культуры, искусства и народного творчества (Я5)","Уровень удовлетворенности граждан работой государственных и муниципальных организаций культуры, искусства и народного творчества (Я5)"
2025-12-31,2025,год,значение показателя за год,93.6,data (25).xls,2.14.Я.6,"Уровень удовлетворенности граждан работой государственных и муниципальных организаций культуры, искусства и народного творчества (Я5)","Уровень удовлетворенности граждан работой государственных и муниципальных организаций культуры, искусства и народного творчества (Я5)"
2026-01-31,2026,месяц,январь,96.5,data (25).xls,2.14.Я.6,"Уровень удовлетворенности граждан работой государственных и муниципальных организаций культуры, искусства и народного творчества (Я5)","Уровень удовлетворенности граждан работой государственных и муниципальных организаций культуры, искусства и народного творчества (Я5)"
2026-02-28,2026,месяц,февраль,96.2,data (25).xls,2.14.Я.6,"Уровень удовлетворенности граждан работой государственных и муниципальных организаций культуры, искусства и народного творчества (Я5)","Уровень удовлетворенности граждан работой государственных и муниципальных организаций культуры, искусства и народного творчества (Я5)"
2026-03-31,2026,месяц,март,96.6,data (25).xls,2.14.Я.6,"Уровень удовлетворенности граждан работой государственных и муниципальных организаций культуры, искусства и народного творчества (Я5)","Уровень удовлетворенности граждан работой государственных и муниципальных организаций культуры, искусства и народного творчества (Я5)"
2025-01-31,2025,месяц,январь,99.76,data (26).xls,2.14.Я1.2,"Доля семей с детьми, получивших меры социальной поддержки на детей на основании только заявления или проактивно, от общего числа семей с детьми, получивших меры социальной поддержки на детей","Доля семей с детьми, получивших меры социальной поддержки на детей на основании только заявления или проактивно, от общего числа семей с детьми, получивших меры социальной поддержки на детей(Я1)"
2025-02-28,2025,месяц,февраль,97.95,data (26).xls,2.14.Я1.2,"Доля семей с детьми, получивших меры социальной поддержки на детей на основании только заявления или проактивно, от общего числа семей с детьми, получивших меры социальной поддержки на детей","Доля семей с детьми, получивших меры социальной поддержки на детей на основании только заявления или проактивно, от общего числа семей с детьми, получивших меры социальной поддержки на детей(Я1)"
2025-03-31,2025,месяц,март,98.63,data (26).xls,2.14.Я1.2,"Доля семей с детьми, получивших меры социальной поддержки на детей на основании только заявления или проактивно, от общего числа семей с детьми, получивших меры социальной поддержки на детей","Доля семей с детьми, получивших меры социальной поддержки на детей на основании только заявления или проактивно, от общего числа семей с детьми, получивших меры социальной поддержки на детей(Я1)"
2025-04-30,2025,месяц,апрель,98.25,data (26).xls,2.14.Я1.2,"Доля семей с детьми, получивших меры социальной поддержки на детей на основании только заявления или проактивно, от общего числа семей с детьми, получивших меры социальной поддержки на детей","Доля семей с детьми, получивших меры социальной поддержки на детей на основании только заявления или проактивно, от общего числа семей с детьми, получивших меры социальной поддержки на детей(Я1)"
2025-05-31,2025,месяц,май,98.62,data (26).xls,2.14.Я1.2,"Доля семей с детьми, получивших меры социальной поддержки на детей на основании только заявления или проактивно, от общего числа семей с детьми, получивших меры социальной поддержки на детей","Доля семей с детьми, получивших меры социальной поддержки на детей на основании только заявления или проактивно, от общего числа семей с детьми, получивших меры социальной поддержки на детей(Я1)"
2025-06-30,2025,месяц,июнь,99.88,data (26).xls,2.14.Я1.2,"Доля семей с детьми, получивших меры социальной поддержки на детей на основании только заявления или проактивно, от общего числа семей с детьми, получивших меры социальной поддержки на детей","Доля семей с детьми, получивших меры социальной поддержки на детей на основании только заявления или проактивно, от общего числа семей с детьми, получивших меры социальной поддержки на детей(Я1)"
2025-07-31,2025,месяц,июль,97.9,data (26).xls,2.14.Я1.2,"Доля семей с детьми, получивших меры социальной поддержки на детей на основании только заявления или проактивно, от общего числа семей с детьми, получивших меры социальной поддержки на детей","Доля семей с детьми, получивших меры социальной поддержки на детей на основании только заявления или проактивно, от общего числа семей с детьми, получивших меры социальной поддержки на детей(Я1)"
2025-08-31,2025,месяц,август,97.65,data (26).xls,2.14.Я1.2,"Доля семей с детьми, получивших меры социальной поддержки на детей на основании только заявления или проактивно, от общего числа семей с детьми, получивших меры социальной поддержки на детей","Доля семей с детьми, получивших меры социальной поддержки на детей на основании только заявления или проактивно, от общего числа семей с детьми, получивших меры социальной поддержки на детей(Я1)"
2025-09-30,2025,месяц,сентябрь,97.91,data (26).xls,2.14.Я1.2,"Доля семей с детьми, получивших меры социальной поддержки на детей на основании только заявления или проактивно, от общего числа семей с детьми, получивших меры социальной поддержки на детей","Доля семей с детьми, получивших меры социальной поддержки на детей на основании только заявления или проактивно, от общего числа семей с детьми, получивших меры социальной поддержки на детей(Я1)"
2025-10-31,2025,месяц,октябрь,97.25,data (26).xls,2.14.Я1.2,"Доля семей с детьми, получивших меры социальной поддержки на детей на основании только заявления или проактивно, от общего числа семей с детьми, получивших меры социальной поддержки на детей","Доля семей с детьми, получивших меры социальной поддержки на детей на основании только заявления или проактивно, от общего числа семей с детьми, получивших меры социальной поддержки на детей(Я1)"
2025-11-30,2025,месяц,ноябрь,96.8,data (26).xls,2.14.Я1.2,"Доля семей с детьми, получивших меры социальной поддержки на детей на основании только заявления или проактивно, от общего числа семей с детьми, получивших меры социальной поддержки на детей","Доля семей с детьми, получивших меры социальной поддержки на детей на основании только заявления или проактивно, от общего числа семей с детьми, получивших меры социальной поддержки на детей(Я1)"
2025-12-31,2025,год,значение показателя за год,98.11,data (26).xls,2.14.Я1.2,"Доля семей с детьми, получивших меры социальной поддержки на детей на основании только заявления или проактивно, от общего числа семей с детьми, получивших меры социальной поддержки на детей","Доля семей с детьми, получивших меры социальной поддержки на детей на основании только заявления или проактивно, от общего числа семей с детьми, получивших меры социальной поддержки на детей(Я1)"
2026-01-31,2026,месяц,январь,98.68,data (26).xls,2.14.Я1.2,"Доля семей с детьми, получивших меры социальной поддержки на детей на основании только заявления или проактивно, от общего числа семей с детьми, получивших меры социальной поддержки на детей","Доля семей с детьми, получивших меры социальной поддержки на детей на основании только заявления или проактивно, от общего числа семей с детьми, получивших меры социальной поддержки на детей(Я1)"
2026-02-28,2026,месяц,февраль,97.89,data (26).xls,2.14.Я1.2,"Доля семей с детьми, получивших меры социальной поддержки на детей на основании только заявления или проактивно, от общего числа семей с детьми, получивших меры социальной поддержки на детей","Доля семей с детьми, получивших меры социальной поддержки на детей на основании только заявления или проактивно, от общего числа семей с детьми, получивших меры социальной поддержки на детей(Я1)"
2026-03-31,2026,месяц,март,98.36,data (26).xls,2.14.Я1.2,"Доля семей с детьми, получивших меры социальной поддержки на детей на основании только заявления или проактивно, от общего числа семей с детьми, получивших меры социальной поддержки на детей","Доля семей с детьми, получивших меры социальной поддержки на детей на основании только заявления или проактивно, от общего числа семей с детьми, получивших меры социальной поддержки на детей(Я1)"
2025-01-31,2025,месяц,январь,0.0,data (27).xls,2.14.Я1.3,"Доля зданий дошкольных образовательных организаций, в которых проведен капитальный ремонт, от общего количества зданий дошкольных образовательных организаций","Доля зданий дошкольных образовательных организаций, в которых проведен капитальный ремонт, от общего количества зданий дошкольных образовательных организаций"
2025-02-28,2025,месяц,февраль,0.0,data (27).xls,2.14.Я1.3,"Доля зданий дошкольных образовательных организаций, в которых проведен капитальный ремонт, от общего количества зданий дошкольных образовательных организаций","Доля зданий дошкольных образовательных организаций, в которых проведен капитальный ремонт, от общего количества зданий дошкольных образовательных организаций"
2025-03-31,2025,месяц,март,0.0,data (27).xls,2.14.Я1.3,"Доля зданий дошкольных образовательных организаций, в которых проведен капитальный ремонт, от общего количества зданий дошкольных образовательных организаций","Доля зданий дошкольных образовательных организаций, в которых проведен капитальный ремонт, от общего количества зданий дошкольных образовательных организаций"
2025-04-30,2025,месяц,апрель,0.0,data (27).xls,2.14.Я1.3,"Доля зданий дошкольных образовательных организаций, в которых проведен капитальный ремонт, от общего количества зданий дошкольных образовательных организаций","Доля зданий дошкольных образовательных организаций, в которых проведен капитальный ремонт, от общего количества зданий дошкольных образовательных организаций"
2025-05-31,2025,месяц,май,0.0,data (27).xls,2.14.Я1.3,"Доля зданий дошкольных образовательных организаций, в которых проведен капитальный ремонт, от общего количества зданий дошкольных образовательных организаций","Доля зданий дошкольных образовательных организаций, в которых проведен капитальный ремонт, от общего количества зданий дошкольных образовательных организаций"
2025-06-30,2025,месяц,июнь,0.0,data (27).xls,2.14.Я1.3,"Доля зданий дошкольных образовательных организаций, в которых проведен капитальный ремонт, от общего количества зданий дошкольных образовательных организаций","Доля зданий дошкольных образовательных организаций, в которых проведен капитальный ремонт, от общего количества зданий дошкольных образовательных организаций"
2025-07-31,2025,месяц,июль,0.0,data (27).xls,2.14.Я1.3,"Доля зданий дошкольных образовательных организаций, в которых проведен капитальный ремонт, от общего количества зданий дошкольных образовательных организаций","Доля зданий дошкольных образовательных организаций, в которых проведен капитальный ремонт, от общего количества зданий дошкольных образовательных организаций"
2025-08-31,2025,месяц,август,0.06,data (27).xls,2.14.Я1.3,"Доля зданий дошкольных образовательных организаций, в которых проведен капитальный ремонт, от общего количества зданий дошкольных образовательных организаций","Доля зданий дошкольных образовательных организаций, в которых проведен капитальный ремонт, от общего количества зданий дошкольных образовательных организаций"
2025-09-30,2025,месяц,сентябрь,0.1,data (27).xls,2.14.Я1.3,"Доля зданий дошкольных образовательных организаций, в которых проведен капитальный ремонт, от общего количества зданий дошкольных образовательных организаций","Доля зданий дошкольных образовательных организаций, в которых проведен капитальный ремонт, от общего количества зданий дошкольных образовательных организаций"
2025-10-31,2025,месяц,октябрь,0.13,data (27).xls,2.14.Я1.3,"Доля зданий дошкольных образовательных организаций, в которых проведен капитальный ремонт, от общего количества зданий дошкольных образовательных организаций","Доля зданий дошкольных образовательных организаций, в которых проведен капитальный ремонт, от общего количества зданий дошкольных образовательных организаций"
2025-11-30,2025,месяц,ноябрь,0.31,data (27).xls,2.14.Я1.3,"Доля зданий дошкольных образовательных организаций, в которых проведен капитальный ремонт, от общего количества зданий дошкольных образовательных организаций","Доля зданий дошкольных образовательных организаций, в которых проведен капитальный ремонт, от общего количества зданий дошкольных образовательных организаций"
2025-12-31,2025,месяц,декабрь,0.66,data (27).xls,2.14.Я1.3,"Доля зданий дошкольных образовательных организаций, в которых проведен капитальный ремонт, от общего количества зданий дошкольных образовательных организаций","Доля зданий дошкольных образовательных организаций, в которых проведен капитальный ремонт, от общего количества зданий дошкольных образовательных организаций"
2026-01-31,2026,месяц,январь,0.66,data (27).xls,2.14.Я1.3,"Доля зданий дошкольных образовательных организаций, в которых проведен капитальный ремонт, от общего количества зданий дошкольных образовательных организаций","Доля зданий дошкольных образовательных организаций, в которых проведен капитальный ремонт, от общего количества зданий дошкольных образовательных организаций"
2026-02-28,2026,месяц,февраль,0.66,data (27).xls,2.14.Я1.3,"Доля зданий дошкольных образовательных организаций, в которых проведен капитальный ремонт, от общего количества зданий дошкольных образовательных организаций","Доля зданий дошкольных образовательных организаций, в которых проведен капитальный ремонт, от общего количества зданий дошкольных образовательных организаций"
2026-03-31,2026,месяц,март,0.67,data (27).xls,2.14.Я1.3,"Доля зданий дошкольных образовательных организаций, в которых проведен капитальный ремонт, от общего количества зданий дошкольных образовательных организаций","Доля зданий дошкольных образовательных организаций, в которых проведен капитальный ремонт, от общего количества зданий дошкольных образовательных организаций"
2025-01-31,2025,месяц,январь,26.8,data (28).xls,2.14.Я2.4,"Доля регионов, обеспечивших не ниже среднероссийских темпы повышения суммарного коэффициента рождаемости, из числа субъектов Российской Федерации, в которых по итогам 2023 года значение такого коэффициента было ниже среднероссийского","Доля регионов, обеспечивших не ниже среднероссийских темпы повышения суммарного коэффициента рождаемости, из числа субъектов Российской Федерации, в которых по итогам 2023 года значение такого коэффициента было ниже среднероссийского"
2025-02-28,2025,месяц,февраль,29.3,data (28).xls,2.14.Я2.4,"Доля регионов, обеспечивших не ниже среднероссийских темпы повышения суммарного коэффициента рождаемости, из числа субъектов Российской Федерации, в которых по итогам 2023 года значение такого коэффициента было ниже среднероссийского","Доля регионов, обеспечивших не ниже среднероссийских темпы повышения суммарного коэффициента рождаемости, из числа субъектов Российской Федерации, в которых по итогам 2023 года значение такого коэффициента было ниже среднероссийского"
2025-03-31,2025,месяц,март,26.8,data (28).xls,2.14.Я2.4,"Доля регионов, обеспечивших не ниже среднероссийских темпы повышения суммарного коэффициента рождаемости, из числа субъектов Российской Федерации, в которых по итогам 2023 года значение такого коэффициента было ниже среднероссийского","Доля регионов, обеспечивших не ниже среднероссийских темпы повышения суммарного коэффициента рождаемости, из числа субъектов Российской Федерации, в которых по итогам 2023 года значение такого коэффициента было ниже среднероссийского"
2025-04-30,2025,месяц,апрель,41.5,data (28).xls,2.14.Я2.4,"Доля регионов, обеспечивших не ниже среднероссийских темпы повышения суммарного коэффициента рождаемости, из числа субъектов Российской Федерации, в которых по итогам 2023 года значение такого коэффициента было ниже среднероссийского","Доля регионов, обеспечивших не ниже среднероссийских темпы повышения суммарного коэффициента рождаемости, из числа субъектов Российской Федерации, в которых по итогам 2023 года значение такого коэффициента было ниже среднероссийского"
2025-05-31,2025,месяц,май,43.9,data (28).xls,2.14.Я2.4,"Доля регионов, обеспечивших не ниже среднероссийских темпы повышения суммарного коэффициента рождаемости, из числа субъектов Российской Федерации, в которых по итогам 2023 года значение такого коэффициента было ниже среднероссийского","Доля регионов, обеспечивших не ниже среднероссийских темпы повышения суммарного коэффициента рождаемости, из числа субъектов Российской Федерации, в которых по итогам 2023 года значение такого коэффициента было ниже среднероссийского"
2025-06-30,2025,месяц,июнь,43.9,data (28).xls,2.14.Я2.4,"Доля регионов, обеспечивших не ниже среднероссийских темпы повышения суммарного коэффициента рождаемости, из числа субъектов Российской Федерации, в которых по итогам 2023 года значение такого коэффициента было ниже среднероссийского","Доля регионов, обеспечивших не ниже среднероссийских темпы повышения суммарного коэффициента рождаемости, из числа субъектов Российской Федерации, в которых по итогам 2023 года значение такого коэффициента было ниже среднероссийского"
2025-07-31,2025,месяц,июль,46.3,data (28).xls,2.14.Я2.4,"Доля регионов, обеспечивших не ниже среднероссийских темпы повышения суммарного коэффициента рождаемости, из числа субъектов Российской Федерации, в которых по итогам 2023 года значение такого коэффициента было ниже среднероссийского","Доля регионов, обеспечивших не ниже среднероссийских темпы повышения суммарного коэффициента рождаемости, из числа субъектов Российской Федерации, в которых по итогам 2023 года значение такого коэффициента было ниже среднероссийского"
2025-08-31,2025,месяц,август,53.7,data (28).xls,2.14.Я2.4,"Доля регионов, обеспечивших не ниже среднероссийских темпы повышения суммарного коэффициента рождаемости, из числа субъектов Российской Федерации, в которых по итогам 2023 года значение такого коэффициента было ниже среднероссийского","Доля регионов, обеспечивших не ниже среднероссийских темпы повышения суммарного коэффициента рождаемости, из числа субъектов Российской Федерации, в которых по итогам 2023 года значение такого коэффициента было ниже среднероссийского"
2025-09-30,2025,месяц,сентябрь,63.4,data (28).xls,2.14.Я2.4,"Доля регионов, обеспечивших не ниже среднероссийских темпы повышения суммарного коэффициента рождаемости, из числа субъектов Российской Федерации, в которых по итогам 2023 года значение такого коэффициента было ниже среднероссийского","Доля регионов, обеспечивших не ниже среднероссийских темпы повышения суммарного коэффициента рождаемости, из числа субъектов Российской Федерации, в которых по итогам 2023 года значение такого коэффициента было ниже среднероссийского"
2025-10-31,2025,месяц,октябрь,51.2,data (28).xls,2.14.Я2.4,"Доля регионов, обеспечивших не ниже среднероссийских темпы повышения суммарного коэффициента рождаемости, из числа субъектов Российской Федерации, в которых по итогам 2023 года значение такого коэффициента было ниже среднероссийского","Доля регионов, обеспечивших не ниже среднероссийских темпы повышения суммарного коэффициента рождаемости, из числа субъектов Российской Федерации, в которых по итогам 2023 года значение такого коэффициента было ниже среднероссийского"
2025-11-30,2025,месяц,ноябрь,56.1,data (28).xls,2.14.Я2.4,"Доля регионов, обеспечивших не ниже среднероссийских темпы повышения суммарного коэффициента рождаемости, из числа субъектов Российской Федерации, в которых по итогам 2023 года значение такого коэффициента было ниже среднероссийского","Доля регионов, обеспечивших не ниже среднероссийских темпы повышения суммарного коэффициента рождаемости, из числа субъектов Российской Федерации, в которых по итогам 2023 года значение такого коэффициента было ниже среднероссийского"
2025-12-31,2025,месяц,декабрь,56.1,data (28).xls,2.14.Я2.4,"Доля регионов, обеспечивших не ниже среднероссийских темпы повышения суммарного коэффициента рождаемости, из числа субъектов Российской Федерации, в которых по итогам 2023 года значение такого коэффициента было ниже среднероссийского","Доля регионов, обеспечивших не ниже среднероссийских темпы повышения суммарного коэффициента рождаемости, из числа субъектов Российской Федерации, в которых по итогам 2023 года значение такого коэффициента было ниже среднероссийского"
2026-01-31,2026,месяц,январь,68.3,data (28).xls,2.14.Я2.4,"Доля регионов, обеспечивших не ниже среднероссийских темпы повышения суммарного коэффициента рождаемости, из числа субъектов Российской Федерации, в которых по итогам 2023 года значение такого коэффициента было ниже среднероссийского","Доля регионов, обеспечивших не ниже среднероссийских темпы повышения суммарного коэффициента рождаемости, из числа субъектов Российской Федерации, в которых по итогам 2023 года значение такого коэффициента было ниже среднероссийского"
2026-02-28,2026,месяц,февраль,58.5,data (28).xls,2.14.Я2.4,"Доля регионов, обеспечивших не ниже среднероссийских темпы повышения суммарного коэффициента рождаемости, из числа субъектов Российской Федерации, в которых по итогам 2023 года значение такого коэффициента было ниже среднероссийского","Доля регионов, обеспечивших не ниже среднероссийских темпы повышения суммарного коэффициента рождаемости, из числа субъектов Российской Федерации, в которых по итогам 2023 года значение такого коэффициента было ниже среднероссийского"
2026-03-31,2026,месяц,март,63.4,data (28).xls,2.14.Я2.4,"Доля регионов, обеспечивших не ниже среднероссийских темпы повышения суммарного коэффициента рождаемости, из числа субъектов Российской Федерации, в которых по итогам 2023 года значение такого коэффициента было ниже среднероссийского","Доля регионов, обеспечивших не ниже среднероссийских темпы повышения суммарного коэффициента рождаемости, из числа субъектов Российской Федерации, в которых по итогам 2023 года значение такого коэффициента было ниже среднероссийского"
2025-01-31,2025,месяц,январь,3.3,data (29).xls,2.14.Я3.1,Охват граждан репродуктивного возраста (18–49 лет) диспансеризацией с целью оценки репродуктивного здоровья,Охват граждан репродуктивного возраста (18–49 лет) диспансеризацией с целью оценки репродуктивного здоровья
2025-02-28,2025,месяц,февраль,6.7,data (29).xls,2.14.Я3.1,Охват граждан репродуктивного возраста (18–49 лет) диспансеризацией с целью оценки репродуктивного здоровья,Охват граждан репродуктивного возраста (18–49 лет) диспансеризацией с целью оценки репродуктивного здоровья
2025-03-31,2025,месяц,март,5.0,data (29).xls,2.14.Я3.1,Охват граждан репродуктивного возраста (18–49 лет) диспансеризацией с целью оценки репродуктивного здоровья,Охват граждан репродуктивного возраста (18–49 лет) диспансеризацией с целью оценки репродуктивного здоровья
2025-04-30,2025,месяц,апрель,8.1,data (29).xls,2.14.Я3.1,Охват граждан репродуктивного возраста (18–49 лет) диспансеризацией с целью оценки репродуктивного здоровья,Охват граждан репродуктивного возраста (18–49 лет) диспансеризацией с целью оценки репродуктивного здоровья
2025-05-31,2025,месяц,май,10.7,data (29).xls,2.14.Я3.1,Охват граждан репродуктивного возраста (18–49 лет) диспансеризацией с целью оценки репродуктивного здоровья,Охват граждан репродуктивного возраста (18–49 лет) диспансеризацией с целью оценки репродуктивного здоровья
2025-06-30,2025,месяц,июнь,13.5,data (29).xls,2.14.Я3.1,Охват граждан репродуктивного возраста (18–49 лет) диспансеризацией с целью оценки репродуктивного здоровья,Охват граждан репродуктивного возраста (18–49 лет) диспансеризацией с целью оценки репродуктивного здоровья
2025-07-31,2025,месяц,июль,16.05,data (29).xls,2.14.Я3.1,Охват граждан репродуктивного возраста (18–49 лет) диспансеризацией с целью оценки репродуктивного здоровья,Охват граждан репродуктивного возраста (18–49 лет) диспансеризацией с целью оценки репродуктивного здоровья
2025-08-31,2025,месяц,август,18.19,data (29).xls,2.14.Я3.1,Охват граждан репродуктивного возраста (18–49 лет) диспансеризацией с целью оценки репродуктивного здоровья,Охват граждан репродуктивного возраста (18–49 лет) диспансеризацией с целью оценки репродуктивного здоровья
2025-09-30,2025,месяц,сентябрь,20.42,data (29).xls,2.14.Я3.1,Охват граждан репродуктивного возраста (18–49 лет) диспансеризацией с целью оценки репродуктивного здоровья,Охват граждан репродуктивного возраста (18–49 лет) диспансеризацией с целью оценки репродуктивного здоровья
2025-10-31,2025,месяц,октябрь,23.17,data (29).xls,2.14.Я3.1,Охват граждан репродуктивного возраста (18–49 лет) диспансеризацией с целью оценки репродуктивного здоровья,Охват граждан репродуктивного возраста (18–49 лет) диспансеризацией с целью оценки репродуктивного здоровья
2025-11-30,2025,месяц,ноябрь,27.39,data (29).xls,2.14.Я3.1,Охват граждан репродуктивного возраста (18–49 лет) диспансеризацией с целью оценки репродуктивного здоровья,Охват граждан репродуктивного возраста (18–49 лет) диспансеризацией с целью оценки репродуктивного здоровья
2025-12-31,2025,месяц,декабрь,33.46,data (29).xls,2.14.Я3.1,Охват граждан репродуктивного возраста (18–49 лет) диспансеризацией с целью оценки репродуктивного здоровья,Охват граждан репродуктивного возраста (18–49 лет) диспансеризацией с целью оценки репродуктивного здоровья
2026-01-31,2026,месяц,январь,2.08,data (29).xls,2.14.Я3.1,Охват граждан репродуктивного возраста (18–49 лет) диспансеризацией с целью оценки репродуктивного здоровья,Охват граждан репродуктивного возраста (18–49 лет) диспансеризацией с целью оценки репродуктивного здоровья
2026-02-28,2026,месяц,февраль,4.5,data (29).xls,2.14.Я3.1,Охват граждан репродуктивного возраста (18–49 лет) диспансеризацией с целью оценки репродуктивного здоровья,Охват граждан репродуктивного возраста (18–49 лет) диспансеризацией с целью оценки репродуктивного здоровья
2026-03-31,2026,месяц,март,7.5,data (29).xls,2.14.Я3.1,Охват граждан репродуктивного возраста (18–49 лет) диспансеризацией с целью оценки репродуктивного здоровья,Охват граждан репродуктивного возраста (18–49 лет) диспансеризацией с целью оценки репродуктивного здоровья
2024-12-31,2024,год,значение показателя за год,24.7,data (30).xls,2.14.Я3.2,"Доля женщин, проживающих в сельской местности, поселках городского типа и малых городах, получивших медицинскую помощь в женских консультациях, расположенных в сельской местности, поселках городского типа и малых городах","Доля женщин, проживающих в сельской местности, поселках городского типа и малых городах, получивших медицинскую помощь в женских консультациях, расположенных в сельской местности, поселках городского типа и малых городах"
2025-01-31,2025,месяц,январь,4.7,data (30).xls,2.14.Я3.2,"Доля женщин, проживающих в сельской местности, поселках городского типа и малых городах, получивших медицинскую помощь в женских консультациях, расположенных в сельской местности, поселках городского типа и малых городах","Доля женщин, проживающих в сельской местности, поселках городского типа и малых городах, получивших медицинскую помощь в женских консультациях, расположенных в сельской местности, поселках городского типа и малых городах"
2025-02-28,2025,месяц,февраль,9.2,data (30).xls,2.14.Я3.2,"Доля женщин, проживающих в сельской местности, поселках городского типа и малых городах, получивших медицинскую помощь в женских консультациях, расположенных в сельской местности, поселках городского типа и малых городах","Доля женщин, проживающих в сельской местности, поселках городского типа и малых городах, получивших медицинскую помощь в женских консультациях, расположенных в сельской местности, поселках городского типа и малых городах"
2025-03-31,2025,месяц,март,13.5,data (30).xls,2.14.Я3.2,"Доля женщин, проживающих в сельской местности, поселках городского типа и малых городах, получивших медицинскую помощь в женских консультациях, расположенных в сельской местности, поселках городского типа и малых городах","Доля женщин, проживающих в сельской местности, поселках городского типа и малых городах, получивших медицинскую помощь в женских консультациях, расположенных в сельской местности, поселках городского типа и малых городах"
2025-04-30,2025,месяц,апрель,17.9,data (30).xls,2.14.Я3.2,"Доля женщин, проживающих в сельской местности, поселках городского типа и малых городах, получивших медицинскую помощь в женских консультациях, расположенных в сельской местности, поселках городского типа и малых городах","Доля женщин, проживающих в сельской местности, поселках городского типа и малых городах, получивших медицинскую помощь в женских консультациях, расположенных в сельской местности, поселках городского типа и малых городах"
2025-05-31,2025,месяц,май,22.2,data (30).xls,2.14.Я3.2,"Доля женщин, проживающих в сельской местности, поселках городского типа и малых городах, получивших медицинскую помощь в женских консультациях, расположенных в сельской местности, поселках городского типа и малых городах","Доля женщин, проживающих в сельской местности, поселках городского типа и малых городах, получивших медицинскую помощь в женских консультациях, расположенных в сельской местности, поселках городского типа и малых городах"
2025-06-30,2025,месяц,июнь,26.2,data (30).xls,2.14.Я3.2,"Доля женщин, проживающих в сельской местности, поселках городского типа и малых городах, получивших медицинскую помощь в женских консультациях, расположенных в сельской местности, поселках городского типа и малых городах","Доля женщин, проживающих в сельской местности, поселках городского типа и малых городах, получивших медицинскую помощь в женских консультациях, расположенных в сельской местности, поселках городского типа и малых городах"
2025-07-31,2025,месяц,июль,29.9,data (30).xls,2.14.Я3.2,"Доля женщин, проживающих в сельской местности, поселках городского типа и малых городах, получивших медицинскую помощь в женских консультациях, расположенных в сельской местности, поселках городского типа и малых городах","Доля женщин, проживающих в сельской местности, поселках городского типа и малых городах, получивших медицинскую помощь в женских консультациях, расположенных в сельской местности, поселках городского типа и малых городах"
2025-08-31,2025,месяц,август,32.46,data (30).xls,2.14.Я3.2,"Доля женщин, проживающих в сельской местности, поселках городского типа и малых городах, получивших медицинскую помощь в женских консультациях, расположенных в сельской местности, поселках городского типа и малых городах","Доля женщин, проживающих в сельской местности, поселках городского типа и малых городах, получивших медицинскую помощь в женских консультациях, расположенных в сельской местности, поселках городского типа и малых городах"
2025-09-30,2025,месяц,сентябрь,34.13,data (30).xls,2.14.Я3.2,"Доля женщин, проживающих в сельской местности, поселках городского типа и малых городах, получивших медицинскую помощь в женских консультациях, расположенных в сельской местности, поселках городского типа и малых городах","Доля женщин, проживающих в сельской местности, поселках городского типа и малых городах, получивших медицинскую помощь в женских консультациях, расположенных в сельской местности, поселках городского типа и малых городах"
2025-10-31,2025,месяц,октябрь,37.37,data (30).xls,2.14.Я3.2,"Доля женщин, проживающих в сельской местности, поселках городского типа и малых городах, получивших медицинскую помощь в женских консультациях, расположенных в сельской местности, поселках городского типа и малых городах","Доля женщин, проживающих в сельской местности, поселках городского типа и малых городах, получивших медицинскую помощь в женских консультациях, расположенных в сельской местности, поселках городского типа и малых городах"
2025-11-30,2025,месяц,ноябрь,41.24,data (30).xls,2.14.Я3.2,"Доля женщин, проживающих в сельской местности, поселках городского типа и малых городах, получивших медицинскую помощь в женских консультациях, расположенных в сельской местности, поселках городского типа и малых городах","Доля женщин, проживающих в сельской местности, поселках городского типа и малых городах, получивших медицинскую помощь в женских консультациях, расположенных в сельской местности, поселках городского типа и малых городах"
2025-12-31,2025,месяц,декабрь,54.32,data (30).xls,2.14.Я3.2,"Доля женщин, проживающих в сельской местности, поселках городского типа и малых городах, получивших медицинскую помощь в женских консультациях, расположенных в сельской местности, поселках городского типа и малых городах","Доля женщин, проживающих в сельской местности, поселках городского типа и малых городах, получивших медицинскую помощь в женских консультациях, расположенных в сельской местности, поселках городского типа и малых городах"
2026-01-31,2026,месяц,январь,4.44,data (30).xls,2.14.Я3.2,"Доля женщин, проживающих в сельской местности, поселках городского типа и малых городах, получивших медицинскую помощь в женских консультациях, расположенных в сельской местности, поселках городского типа и малых городах","Доля женщин, проживающих в сельской местности, поселках городского типа и малых городах, получивших медицинскую помощь в женских консультациях, расположенных в сельской местности, поселках городского типа и малых городах"
2026-02-28,2026,месяц,февраль,8.4,data (30).xls,2.14.Я3.2,"Доля женщин, проживающих в сельской местности, поселках городского типа и малых городах, получивших медицинскую помощь в женских консультациях, расположенных в сельской местности, поселках городского типа и малых городах","Доля женщин, проживающих в сельской местности, поселках городского типа и малых городах, получивших медицинскую помощь в женских консультациях, расположенных в сельской местности, поселках городского типа и малых городах"
2026-03-31,2026,месяц,март,12.5,data (30).xls,2.14.Я3.2,"Доля женщин, проживающих в сельской местности, поселках городского типа и малых городах, получивших медицинскую помощь в женских консультациях, расположенных в сельской местности, поселках городского типа и малых городах","Доля женщин, проживающих в сельской местности, поселках городского типа и малых городах, получивших медицинскую помощь в женских консультациях, расположенных в сельской местности, поселках городского типа и малых городах"
2012-12-31,2012,год,значение показателя за год,8.6,data (31).xls,2.14.Я3.3,Младенческая смертность,Младенческая смертность (на 1 тыс. родившихся живыми)
2013-12-31,2013,год,значение показателя за год,8.2,data (31).xls,2.14.Я3.3,Младенческая смертность,Младенческая смертность (на 1 тыс. родившихся живыми)
2014-12-31,2014,год,значение показателя за год,7.4,data (31).xls,2.14.Я3.3,Младенческая смертность,Младенческая смертность (на 1 тыс. родившихся живыми)
2015-12-31,2015,год,значение показателя за год,6.5,data (31).xls,2.14.Я3.3,Младенческая смертность,Младенческая смертность (на 1 тыс. родившихся живыми)
2016-12-31,2016,год,значение показателя за год,6.0,data (31).xls,2.14.Я3.3,Младенческая смертность,Младенческая смертность (на 1 тыс. родившихся живыми)
2017-12-31,2017,год,значение показателя за год,5.6,data (31).xls,2.14.Я3.3,Младенческая смертность,Младенческая смертность (на 1 тыс. родившихся живыми)
2018-12-31,2018,год,значение показателя за год,5.1,data (31).xls,2.14.Я3.3,Младенческая смертность,Младенческая смертность (на 1 тыс. родившихся живыми)
2019-12-31,2019,год,значение показателя за год,4.9,data (31).xls,2.14.Я3.3,Младенческая смертность,Младенческая смертность (на 1 тыс. родившихся живыми)
2020-12-31,2020,год,значение показателя за год,4.5,data (31).xls,2.14.Я3.3,Младенческая смертность,Младенческая смертность (на 1 тыс. родившихся живыми)
2021-12-31,2021,год,значение показателя за год,4.6,data (31).xls,2.14.Я3.3,Младенческая смертность,Младенческая смертность (на 1 тыс. родившихся живыми)
2022-12-31,2022,год,значение показателя за год,4.4,data (31).xls,2.14.Я3.3,Младенческая смертность,Младенческая смертность (на 1 тыс. родившихся живыми)
2023-12-31,2023,год,значение показателя за год,4.2,data (31).xls,2.14.Я3.3,Младенческая смертность,Младенческая смертность (на 1 тыс. родившихся живыми)
2024-12-31,2024,год,значение показателя за год,4.0,data (31).xls,2.14.Я3.3,Младенческая смертность,Младенческая смертность (на 1 тыс. родившихся живыми)
2021-01-31,2021,месяц,январь,4.5,data (32).xls,2.14.Я3.3,Младенческая смертность,"Младенческая смертность на 1 тыс. родившихся живыми (оперативные данные) (промилле (0,1 процента))"
2021-02-28,2021,накопительно с января,январь-февраль,4.3,data (32).xls,2.14.Я3.3,Младенческая смертность,"Младенческая смертность на 1 тыс. родившихся живыми (оперативные данные) (промилле (0,1 процента))"
2021-03-31,2021,накопительно с января,январь-март,4.5,data (32).xls,2.14.Я3.3,Младенческая смертность,"Младенческая смертность на 1 тыс. родившихся живыми (оперативные данные) (промилле (0,1 процента))"
2021-04-30,2021,накопительно с января,январь-апрель,4.4,data (32).xls,2.14.Я3.3,Младенческая смертность,"Младенческая смертность на 1 тыс. родившихся живыми (оперативные данные) (промилле (0,1 процента))"
2021-05-31,2021,накопительно с января,январь-май,4.3,data (32).xls,2.14.Я3.3,Младенческая смертность,"Младенческая смертность на 1 тыс. родившихся живыми (оперативные данные) (промилле (0,1 процента))"
2021-06-30,2021,накопительно с января,январь-июнь,4.3,data (32).xls,2.14.Я3.3,Младенческая смертность,"Младенческая смертность на 1 тыс. родившихся живыми (оперативные данные) (промилле (0,1 процента))"
2021-07-31,2021,накопительно с января,январь-июль,4.4,data (32).xls,2.14.Я3.3,Младенческая смертность,"Младенческая смертность на 1 тыс. родившихся живыми (оперативные данные) (промилле (0,1 процента))"
2021-08-31,2021,накопительно с января,январь-август,4.5,data (32).xls,2.14.Я3.3,Младенческая смертность,"Младенческая смертность на 1 тыс. родившихся живыми (оперативные данные) (промилле (0,1 процента))"
2021-09-30,2021,накопительно с января,январь-сентябрь,4.5,data (32).xls,2.14.Я3.3,Младенческая смертность,"Младенческая смертность на 1 тыс. родившихся живыми (оперативные данные) (промилле (0,1 процента))"
2021-10-31,2021,накопительно с января,январь-октябрь,4.5,data (32).xls,2.14.Я3.3,Младенческая смертность,"Младенческая смертность на 1 тыс. родившихся живыми (оперативные данные) (промилле (0,1 процента))"
2021-11-30,2021,накопительно с января,январь-ноябрь,4.5,data (32).xls,2.14.Я3.3,Младенческая смертность,"Младенческая смертность на 1 тыс. родившихся живыми (оперативные данные) (промилле (0,1 процента))"
2021-12-31,2021,накопительно с января,январь-декабрь,4.6,data (32).xls,2.14.Я3.3,Младенческая смертность,"Младенческая смертность на 1 тыс. родившихся живыми (оперативные данные) (промилле (0,1 процента))"
2022-01-31,2022,месяц,январь,4.4,data (32).xls,2.14.Я3.3,Младенческая смертность,"Младенческая смертность на 1 тыс. родившихся живыми (оперативные данные) (промилле (0,1 процента))"
2022-02-28,2022,накопительно с января,январь-февраль,4.4,data (32).xls,2.14.Я3.3,Младенческая смертность,"Младенческая смертность на 1 тыс. родившихся живыми (оперативные данные) (промилле (0,1 процента))"
2022-03-31,2022,накопительно с января,январь-март,4.5,data (32).xls,2.14.Я3.3,Младенческая смертность,"Младенческая смертность на 1 тыс. родившихся живыми (оперативные данные) (промилле (0,1 процента))"
2022-04-30,2022,накопительно с января,январь-апрель,4.4,data (32).xls,2.14.Я3.3,Младенческая смертность,"Младенческая смертность на 1 тыс. родившихся живыми (оперативные данные) (промилле (0,1 процента))"
2022-05-31,2022,накопительно с января,январь-май,4.4,data (32).xls,2.14.Я3.3,Младенческая смертность,"Младенческая смертность на 1 тыс. родившихся живыми (оперативные данные) (промилле (0,1 процента))"
2022-06-30,2022,накопительно с января,январь-июнь,4.4,data (32).xls,2.14.Я3.3,Младенческая смертность,"Младенческая смертность на 1 тыс. родившихся живыми (оперативные данные) (промилле (0,1 процента))"
2022-07-31,2022,накопительно с января,январь-июль,4.4,data (32).xls,2.14.Я3.3,Младенческая смертность,"Младенческая смертность на 1 тыс. родившихся живыми (оперативные данные) (промилле (0,1 процента))"
2022-08-31,2022,накопительно с января,январь-август,4.3,data (32).xls,2.14.Я3.3,Младенческая смертность,"Младенческая смертность на 1 тыс. родившихся живыми (оперативные данные) (промилле (0,1 процента))"
2022-09-30,2022,накопительно с января,январь-сентябрь,4.3,data (32).xls,2.14.Я3.3,Младенческая смертность,"Младенческая смертность на 1 тыс. родившихся живыми (оперативные данные) (промилле (0,1 процента))"
2022-10-31,2022,накопительно с января,январь-октябрь,4.3,data (32).xls,2.14.Я3.3,Младенческая смертность,"Младенческая смертность на 1 тыс. родившихся живыми (оперативные данные) (промилле (0,1 процента))"
2022-11-30,2022,накопительно с января,январь-ноябрь,4.3,data (32).xls,2.14.Я3.3,Младенческая смертность,"Младенческая смертность на 1 тыс. родившихся живыми (оперативные данные) (промилле (0,1 процента))"
2022-12-31,2022,накопительно с января,январь-декабрь,4.5,data (32).xls,2.14.Я3.3,Младенческая смертность,"Младенческая смертность на 1 тыс. родившихся живыми (оперативные данные) (промилле (0,1 процента))"
2023-01-31,2023,месяц,январь,4.3,data (32).xls,2.14.Я3.3,Младенческая смертность,"Младенческая смертность на 1 тыс. родившихся живыми (оперативные данные) (промилле (0,1 процента))"
2023-02-28,2023,накопительно с января,январь-февраль,4.1,data (32).xls,2.14.Я3.3,Младенческая смертность,"Младенческая смертность на 1 тыс. родившихся живыми (оперативные данные) (промилле (0,1 процента))"
2023-03-31,2023,накопительно с января,январь-март,4.2,data (32).xls,2.14.Я3.3,Младенческая смертность,"Младенческая смертность на 1 тыс. родившихся живыми (оперативные данные) (промилле (0,1 процента))"
2023-04-30,2023,накопительно с января,январь-апрель,4.1,data (32).xls,2.14.Я3.3,Младенческая смертность,"Младенческая смертность на 1 тыс. родившихся живыми (оперативные данные) (промилле (0,1 процента))"
2023-05-31,2023,накопительно с января,январь-май,4.1,data (32).xls,2.14.Я3.3,Младенческая смертность,"Младенческая смертность на 1 тыс. родившихся живыми (оперативные данные) (промилле (0,1 процента))"
2023-06-30,2023,накопительно с января,январь-июнь,4.1,data (32).xls,2.14.Я3.3,Младенческая смертность,"Младенческая смертность на 1 тыс. родившихся живыми (оперативные данные) (промилле (0,1 процента))"
2023-07-31,2023,накопительно с января,январь-июль,4.0,data (32).xls,2.14.Я3.3,Младенческая смертность,"Младенческая смертность на 1 тыс. родившихся живыми (оперативные данные) (промилле (0,1 процента))"
2023-08-31,2023,накопительно с января,январь-август,4.0,data (32).xls,2.14.Я3.3,Младенческая смертность,"Младенческая смертность на 1 тыс. родившихся живыми (оперативные данные) (промилле (0,1 процента))"
2023-09-30,2023,накопительно с января,январь-сентябрь,4.0,data (32).xls,2.14.Я3.3,Младенческая смертность,"Младенческая смертность на 1 тыс. родившихся живыми (оперативные данные) (промилле (0,1 процента))"
2023-10-31,2023,накопительно с января,январь-октябрь,4.1,data (32).xls,2.14.Я3.3,Младенческая смертность,"Младенческая смертность на 1 тыс. родившихся живыми (оперативные данные) (промилле (0,1 процента))"
2023-11-30,2023,накопительно с января,январь-ноябрь,4.1,data (32).xls,2.14.Я3.3,Младенческая смертность,"Младенческая смертность на 1 тыс. родившихся живыми (оперативные данные) (промилле (0,1 процента))"
2023-12-31,2023,накопительно с января,январь-декабрь,4.2,data (32).xls,2.14.Я3.3,Младенческая смертность,"Младенческая смертность на 1 тыс. родившихся живыми (оперативные данные) (промилле (0,1 процента))"
2024-01-31,2024,месяц,январь,4.2,data (32).xls,2.14.Я3.3,Младенческая смертность,"Младенческая смертность на 1 тыс. родившихся живыми (оперативные данные) (промилле (0,1 процента))"
2024-02-29,2024,накопительно с января,январь-февраль,4.1,data (32).xls,2.14.Я3.3,Младенческая смертность,"Младенческая смертность на 1 тыс. родившихся живыми (оперативные данные) (промилле (0,1 процента))"
2024-03-31,2024,накопительно с января,январь-март,4.1,data (32).xls,2.14.Я3.3,Младенческая смертность,"Младенческая смертность на 1 тыс. родившихся живыми (оперативные данные) (промилле (0,1 процента))"
2024-04-30,2024,накопительно с января,январь-апрель,4.1,data (32).xls,2.14.Я3.3,Младенческая смертность,"Младенческая смертность на 1 тыс. родившихся живыми (оперативные данные) (промилле (0,1 процента))"
2024-05-31,2024,накопительно с января,январь-май,4.2,data (32).xls,2.14.Я3.3,Младенческая смертность,"Младенческая смертность на 1 тыс. родившихся живыми (оперативные данные) (промилле (0,1 процента))"
2024-06-30,2024,накопительно с января,январь-июнь,4.0,data (32).xls,2.14.Я3.3,Младенческая смертность,"Младенческая смертность на 1 тыс. родившихся живыми (оперативные данные) (промилле (0,1 процента))"
2024-07-31,2024,накопительно с января,январь-июль,4.0,data (32).xls,2.14.Я3.3,Младенческая смертность,"Младенческая смертность на 1 тыс. родившихся живыми (оперативные данные) (промилле (0,1 процента))"
2024-08-31,2024,накопительно с января,январь-август,3.9,data (32).xls,2.14.Я3.3,Младенческая смертность,"Младенческая смертность на 1 тыс. родившихся живыми (оперативные данные) (промилле (0,1 процента))"
2024-09-30,2024,накопительно с января,январь-сентябрь,3.9,data (32).xls,2.14.Я3.3,Младенческая смертность,"Младенческая смертность на 1 тыс. родившихся живыми (оперативные данные) (промилле (0,1 процента))"
2024-10-31,2024,накопительно с января,январь-октябрь,4.0,data (32).xls,2.14.Я3.3,Младенческая смертность,"Младенческая смертность на 1 тыс. родившихся живыми (оперативные данные) (промилле (0,1 процента))"
2024-11-30,2024,накопительно с января,январь-ноябрь,3.9,data (32).xls,2.14.Я3.3,Младенческая смертность,"Младенческая смертность на 1 тыс. родившихся живыми (оперативные данные) (промилле (0,1 процента))"
2024-12-31,2024,накопительно с января,январь-декабрь,4.0,data (32).xls,2.14.Я3.3,Младенческая смертность,"Младенческая смертность на 1 тыс. родившихся живыми (оперативные данные) (промилле (0,1 процента))"
2025-01-31,2025,месяц,январь,3.9,data (32).xls,2.14.Я3.3,Младенческая смертность,"Младенческая смертность на 1 тыс. родившихся живыми (оперативные данные) (промилле (0,1 процента))"
2025-02-28,2025,накопительно с января,январь-февраль,3.7,data (32).xls,2.14.Я3.3,Младенческая смертность,"Младенческая смертность на 1 тыс. родившихся живыми (оперативные данные) (промилле (0,1 процента))"
2025-03-31,2025,накопительно с января,январь-март,3.6,data (32).xls,2.14.Я3.3,Младенческая смертность,"Младенческая смертность на 1 тыс. родившихся живыми (оперативные данные) (промилле (0,1 процента))"
2025-04-30,2025,накопительно с января,январь-апрель,3.7,data (32).xls,2.14.Я3.3,Младенческая смертность,"Младенческая смертность на 1 тыс. родившихся живыми (оперативные данные) (промилле (0,1 процента))"
2025-05-31,2025,накопительно с января,январь-май,3.7,data (32).xls,2.14.Я3.3,Младенческая смертность,"Младенческая смертность на 1 тыс. родившихся живыми (оперативные данные) (промилле (0,1 процента))"
2025-06-30,2025,накопительно с января,январь-июнь,3.5,data (32).xls,2.14.Я3.3,Младенческая смертность,"Младенческая смертность на 1 тыс. родившихся живыми (оперативные данные) (промилле (0,1 процента))"
2025-07-31,2025,накопительно с января,январь-июль,3.6,data (32).xls,2.14.Я3.3,Младенческая смертность,"Младенческая смертность на 1 тыс. родившихся живыми (оперативные данные) (промилле (0,1 процента))"
2025-08-31,2025,накопительно с января,январь-август,3.6,data (32).xls,2.14.Я3.3,Младенческая смертность,"Младенческая смертность на 1 тыс. родившихся живыми (оперативные данные) (промилле (0,1 процента))"
2025-09-30,2025,накопительно с января,январь-сентябрь,3.6,data (32).xls,2.14.Я3.3,Младенческая смертность,"Младенческая смертность на 1 тыс. родившихся живыми (оперативные данные) (промилле (0,1 процента))"
2025-10-31,2025,накопительно с января,январь-октябрь,3.6,data (32).xls,2.14.Я3.3,Младенческая смертность,"Младенческая смертность на 1 тыс. родившихся живыми (оперативные данные) (промилле (0,1 процента))"
2025-11-30,2025,накопительно с января,январь-ноябрь,3.6,data (32).xls,2.14.Я3.3,Младенческая смертность,"Младенческая смертность на 1 тыс. родившихся живыми (оперативные данные) (промилле (0,1 процента))"
2025-12-31,2025,накопительно с января,январь-декабрь,3.6,data (32).xls,2.14.Я3.3,Младенческая смертность,"Младенческая смертность на 1 тыс. родившихся живыми (оперативные данные) (промилле (0,1 процента))"
2026-01-31,2026,месяц,январь,3.8,data (32).xls,2.14.Я3.3,Младенческая смертность,"Младенческая смертность на 1 тыс. родившихся живыми (оперативные данные) (промилле (0,1 процента))"
2026-02-28,2026,накопительно с января,январь-февраль,3.5,data (32).xls,2.14.Я3.3,Младенческая смертность,"Младенческая смертность на 1 тыс. родившихся живыми (оперативные данные) (промилле (0,1 процента))"
2026-03-31,2026,накопительно с января,январь-март,3.5,data (32).xls,2.14.Я3.3,Младенческая смертность,"Младенческая смертность на 1 тыс. родившихся живыми (оперативные данные) (промилле (0,1 процента))"
2025-01-31,2025,месяц,январь,86.4,data (33).xls,2.14.Я3.4,"Доля взятых под диспансерное наблюдение детей в возрасте 0–17 лет с впервые в жизни установленными диагнозами, от общего проведения профилактических медицинских осмотров",Доля взятых под диспансерное наблюдение детей в возрасте 0–17 лет с впервые в жизни установленными диагнозами по результатам проведения профилактических медицинских осмотров
2025-02-28,2025,месяц,февраль,77.6,data (33).xls,2.14.Я3.4,"Доля взятых под диспансерное наблюдение детей в возрасте 0–17 лет с впервые в жизни установленными диагнозами, от общего проведения профилактических медицинских осмотров",Доля взятых под диспансерное наблюдение детей в возрасте 0–17 лет с впервые в жизни установленными диагнозами по результатам проведения профилактических медицинских осмотров
2025-03-31,2025,месяц,март,83.6,data (33).xls,2.14.Я3.4,"Доля взятых под диспансерное наблюдение детей в возрасте 0–17 лет с впервые в жизни установленными диагнозами, от общего проведения профилактических медицинских осмотров",Доля взятых под диспансерное наблюдение детей в возрасте 0–17 лет с впервые в жизни установленными диагнозами по результатам проведения профилактических медицинских осмотров
2025-04-30,2025,месяц,апрель,80.4,data (33).xls,2.14.Я3.4,"Доля взятых под диспансерное наблюдение детей в возрасте 0–17 лет с впервые в жизни установленными диагнозами, от общего проведения профилактических медицинских осмотров",Доля взятых под диспансерное наблюдение детей в возрасте 0–17 лет с впервые в жизни установленными диагнозами по результатам проведения профилактических медицинских осмотров
2025-05-31,2025,месяц,май,82.9,data (33).xls,2.14.Я3.4,"Доля взятых под диспансерное наблюдение детей в возрасте 0–17 лет с впервые в жизни установленными диагнозами, от общего проведения профилактических медицинских осмотров",Доля взятых под диспансерное наблюдение детей в возрасте 0–17 лет с впервые в жизни установленными диагнозами по результатам проведения профилактических медицинских осмотров
2025-06-30,2025,месяц,июнь,85.3,data (33).xls,2.14.Я3.4,"Доля взятых под диспансерное наблюдение детей в возрасте 0–17 лет с впервые в жизни установленными диагнозами, от общего проведения профилактических медицинских осмотров",Доля взятых под диспансерное наблюдение детей в возрасте 0–17 лет с впервые в жизни установленными диагнозами по результатам проведения профилактических медицинских осмотров
2025-07-31,2025,месяц,июль,86.78,data (33).xls,2.14.Я3.4,"Доля взятых под диспансерное наблюдение детей в возрасте 0–17 лет с впервые в жизни установленными диагнозами, от общего проведения профилактических медицинских осмотров",Доля взятых под диспансерное наблюдение детей в возрасте 0–17 лет с впервые в жизни установленными диагнозами по результатам проведения профилактических медицинских осмотров
2025-08-31,2025,месяц,август,87.21,data (33).xls,2.14.Я3.4,"Доля взятых под диспансерное наблюдение детей в возрасте 0–17 лет с впервые в жизни установленными диагнозами, от общего проведения профилактических медицинских осмотров",Доля взятых под диспансерное наблюдение детей в возрасте 0–17 лет с впервые в жизни установленными диагнозами по результатам проведения профилактических медицинских осмотров
2025-09-30,2025,месяц,сентябрь,89.15,data (33).xls,2.14.Я3.4,"Доля взятых под диспансерное наблюдение детей в возрасте 0–17 лет с впервые в жизни установленными диагнозами, от общего проведения профилактических медицинских осмотров",Доля взятых под диспансерное наблюдение детей в возрасте 0–17 лет с впервые в жизни установленными диагнозами по результатам проведения профилактических медицинских осмотров
2025-10-31,2025,месяц,октябрь,89.6,data (33).xls,2.14.Я3.4,"Доля взятых под диспансерное наблюдение детей в возрасте 0–17 лет с впервые в жизни установленными диагнозами, от общего проведения профилактических медицинских осмотров",Доля взятых под диспансерное наблюдение детей в возрасте 0–17 лет с впервые в жизни установленными диагнозами по результатам проведения профилактических медицинских осмотров
2025-11-30,2025,месяц,ноябрь,88.42,data (33).xls,2.14.Я3.4,"Доля взятых под диспансерное наблюдение детей в возрасте 0–17 лет с впервые в жизни установленными диагнозами, от общего проведения профилактических медицинских осмотров",Доля взятых под диспансерное наблюдение детей в возрасте 0–17 лет с впервые в жизни установленными диагнозами по результатам проведения профилактических медицинских осмотров
2025-12-31,2025,месяц,декабрь,91.87,data (33).xls,2.14.Я3.4,"Доля взятых под диспансерное наблюдение детей в возрасте 0–17 лет с впервые в жизни установленными диагнозами, от общего проведения профилактических медицинских осмотров",Доля взятых под диспансерное наблюдение детей в возрасте 0–17 лет с впервые в жизни установленными диагнозами по результатам проведения профилактических медицинских осмотров
2026-01-31,2026,месяц,январь,84.25,data (33).xls,2.14.Я3.4,"Доля взятых под диспансерное наблюдение детей в возрасте 0–17 лет с впервые в жизни установленными диагнозами, от общего проведения профилактических медицинских осмотров",Доля взятых под диспансерное наблюдение детей в возрасте 0–17 лет с впервые в жизни установленными диагнозами по результатам проведения профилактических медицинских осмотров
2026-02-28,2026,месяц,февраль,87.5,data (33).xls,2.14.Я3.4,"Доля взятых под диспансерное наблюдение детей в возрасте 0–17 лет с впервые в жизни установленными диагнозами, от общего проведения профилактических медицинских осмотров",Доля взятых под диспансерное наблюдение детей в возрасте 0–17 лет с впервые в жизни установленными диагнозами по результатам проведения профилактических медицинских осмотров
2026-03-31,2026,месяц,март,87.8,data (33).xls,2.14.Я3.4,"Доля взятых под диспансерное наблюдение детей в возрасте 0–17 лет с впервые в жизни установленными диагнозами, от общего проведения профилактических медицинских осмотров",Доля взятых под диспансерное наблюдение детей в возрасте 0–17 лет с впервые в жизни установленными диагнозами по результатам проведения профилактических медицинских осмотров
2025-01-31,2025,месяц,январь,24.1,data (34).xls,2.14.Я3.5,"Доля беременных женщин, обратившихся в медицинские организации в ситуации репродуктивного выбора, получивших услуги по оказанию правовой, психологической и медико-социальной помощи, и вставших на учет по беременности","Доля беременных женщин, обратившихся в медицинские организации в ситуации репродуктивного выбора, получивших, в том числе услуги по оказанию правовой, психологической и медико-социальной помощи, и вставших на учет по беременности"
2025-02-28,2025,месяц,февраль,24.6,data (34).xls,2.14.Я3.5,"Доля беременных женщин, обратившихся в медицинские организации в ситуации репродуктивного выбора, получивших услуги по оказанию правовой, психологической и медико-социальной помощи, и вставших на учет по беременности","Доля беременных женщин, обратившихся в медицинские организации в ситуации репродуктивного выбора, получивших, в том числе услуги по оказанию правовой, психологической и медико-социальной помощи, и вставших на учет по беременности"
2025-03-31,2025,месяц,март,24.2,data (34).xls,2.14.Я3.5,"Доля беременных женщин, обратившихся в медицинские организации в ситуации репродуктивного выбора, получивших услуги по оказанию правовой, психологической и медико-социальной помощи, и вставших на учет по беременности","Доля беременных женщин, обратившихся в медицинские организации в ситуации репродуктивного выбора, получивших, в том числе услуги по оказанию правовой, психологической и медико-социальной помощи, и вставших на учет по беременности"
2025-04-30,2025,месяц,апрель,25.6,data (34).xls,2.14.Я3.5,"Доля беременных женщин, обратившихся в медицинские организации в ситуации репродуктивного выбора, получивших услуги по оказанию правовой, психологической и медико-социальной помощи, и вставших на учет по беременности","Доля беременных женщин, обратившихся в медицинские организации в ситуации репродуктивного выбора, получивших, в том числе услуги по оказанию правовой, психологической и медико-социальной помощи, и вставших на учет по беременности"
2025-05-31,2025,месяц,май,26.6,data (34).xls,2.14.Я3.5,"Доля беременных женщин, обратившихся в медицинские организации в ситуации репродуктивного выбора, получивших услуги по оказанию правовой, психологической и медико-социальной помощи, и вставших на учет по беременности","Доля беременных женщин, обратившихся в медицинские организации в ситуации репродуктивного выбора, получивших, в том числе услуги по оказанию правовой, психологической и медико-социальной помощи, и вставших на учет по беременности"
2025-06-30,2025,месяц,июнь,26.9,data (34).xls,2.14.Я3.5,"Доля беременных женщин, обратившихся в медицинские организации в ситуации репродуктивного выбора, получивших услуги по оказанию правовой, психологической и медико-социальной помощи, и вставших на учет по беременности","Доля беременных женщин, обратившихся в медицинские организации в ситуации репродуктивного выбора, получивших, в том числе услуги по оказанию правовой, психологической и медико-социальной помощи, и вставших на учет по беременности"
2025-07-31,2025,месяц,июль,27.5,data (34).xls,2.14.Я3.5,"Доля беременных женщин, обратившихся в медицинские организации в ситуации репродуктивного выбора, получивших услуги по оказанию правовой, психологической и медико-социальной помощи, и вставших на учет по беременности","Доля беременных женщин, обратившихся в медицинские организации в ситуации репродуктивного выбора, получивших, в том числе услуги по оказанию правовой, психологической и медико-социальной помощи, и вставших на учет по беременности"
2025-08-31,2025,месяц,август,27.39,data (34).xls,2.14.Я3.5,"Доля беременных женщин, обратившихся в медицинские организации в ситуации репродуктивного выбора, получивших услуги по оказанию правовой, психологической и медико-социальной помощи, и вставших на учет по беременности","Доля беременных женщин, обратившихся в медицинские организации в ситуации репродуктивного выбора, получивших, в том числе услуги по оказанию правовой, психологической и медико-социальной помощи, и вставших на учет по беременности"
2025-09-30,2025,месяц,сентябрь,28.12,data (34).xls,2.14.Я3.5,"Доля беременных женщин, обратившихся в медицинские организации в ситуации репродуктивного выбора, получивших услуги по оказанию правовой, психологической и медико-социальной помощи, и вставших на учет по беременности","Доля беременных женщин, обратившихся в медицинские организации в ситуации репродуктивного выбора, получивших, в том числе услуги по оказанию правовой, психологической и медико-социальной помощи, и вставших на учет по беременности"
2025-10-31,2025,месяц,октябрь,28.45,data (34).xls,2.14.Я3.5,"Доля беременных женщин, обратившихся в медицинские организации в ситуации репродуктивного выбора, получивших услуги по оказанию правовой, психологической и медико-социальной помощи, и вставших на учет по беременности","Доля беременных женщин, обратившихся в медицинские организации в ситуации репродуктивного выбора, получивших, в том числе услуги по оказанию правовой, психологической и медико-социальной помощи, и вставших на учет по беременности"
2025-11-30,2025,месяц,ноябрь,28.3,data (34).xls,2.14.Я3.5,"Доля беременных женщин, обратившихся в медицинские организации в ситуации репродуктивного выбора, получивших услуги по оказанию правовой, психологической и медико-социальной помощи, и вставших на учет по беременности","Доля беременных женщин, обратившихся в медицинские организации в ситуации репродуктивного выбора, получивших, в том числе услуги по оказанию правовой, психологической и медико-социальной помощи, и вставших на учет по беременности"
2025-12-31,2025,месяц,декабрь,28.24,data (34).xls,2.14.Я3.5,"Доля беременных женщин, обратившихся в медицинские организации в ситуации репродуктивного выбора, получивших услуги по оказанию правовой, психологической и медико-социальной помощи, и вставших на учет по беременности","Доля беременных женщин, обратившихся в медицинские организации в ситуации репродуктивного выбора, получивших, в том числе услуги по оказанию правовой, психологической и медико-социальной помощи, и вставших на учет по беременности"
2026-01-31,2026,месяц,январь,28.84,data (34).xls,2.14.Я3.5,"Доля беременных женщин, обратившихся в медицинские организации в ситуации репродуктивного выбора, получивших услуги по оказанию правовой, психологической и медико-социальной помощи, и вставших на учет по беременности","Доля беременных женщин, обратившихся в медицинские организации в ситуации репродуктивного выбора, получивших, в том числе услуги по оказанию правовой, психологической и медико-социальной помощи, и вставших на учет по беременности"
2026-02-28,2026,месяц,февраль,29.5,data (34).xls,2.14.Я3.5,"Доля беременных женщин, обратившихся в медицинские организации в ситуации репродуктивного выбора, получивших услуги по оказанию правовой, психологической и медико-социальной помощи, и вставших на учет по беременности","Доля беременных женщин, обратившихся в медицинские организации в ситуации репродуктивного выбора, получивших, в том числе услуги по оказанию правовой, психологической и медико-социальной помощи, и вставших на учет по беременности"
2026-03-31,2026,месяц,март,29.8,data (34).xls,2.14.Я3.5,"Доля беременных женщин, обратившихся в медицинские организации в ситуации репродуктивного выбора, получивших услуги по оказанию правовой, психологической и медико-социальной помощи, и вставших на учет по беременности","Доля беременных женщин, обратившихся в медицинские организации в ситуации репродуктивного выбора, получивших, в том числе услуги по оказанию правовой, психологической и медико-социальной помощи, и вставших на учет по беременности"
2025-01-31,2025,месяц,январь,9.2,data (35).xls,2.14.Я5.2,Увеличение числа посещений организаций культуры по отношению к 2023 году,Увеличение числа посещений организаций культуры по отношению к 2023 году
2025-02-28,2025,месяц,февраль,18.0,data (35).xls,2.14.Я5.2,Увеличение числа посещений организаций культуры по отношению к 2023 году,Увеличение числа посещений организаций культуры по отношению к 2023 году
2025-03-31,2025,месяц,март,28.1,data (35).xls,2.14.Я5.2,Увеличение числа посещений организаций культуры по отношению к 2023 году,Увеличение числа посещений организаций культуры по отношению к 2023 году
2025-04-30,2025,месяц,апрель,37.3,data (35).xls,2.14.Я5.2,Увеличение числа посещений организаций культуры по отношению к 2023 году,Увеличение числа посещений организаций культуры по отношению к 2023 году
2025-05-31,2025,месяц,май,48.8,data (35).xls,2.14.Я5.2,Увеличение числа посещений организаций культуры по отношению к 2023 году,Увеличение числа посещений организаций культуры по отношению к 2023 году
2025-06-30,2025,месяц,июнь,58.9,data (35).xls,2.14.Я5.2,Увеличение числа посещений организаций культуры по отношению к 2023 году,Увеличение числа посещений организаций культуры по отношению к 2023 году
2025-07-31,2025,месяц,июль,67.4,data (35).xls,2.14.Я5.2,Увеличение числа посещений организаций культуры по отношению к 2023 году,Увеличение числа посещений организаций культуры по отношению к 2023 году
2025-08-31,2025,месяц,август,76.0,data (35).xls,2.14.Я5.2,Увеличение числа посещений организаций культуры по отношению к 2023 году,Увеличение числа посещений организаций культуры по отношению к 2023 году
2025-09-30,2025,месяц,сентябрь,85.2,data (35).xls,2.14.Я5.2,Увеличение числа посещений организаций культуры по отношению к 2023 году,Увеличение числа посещений организаций культуры по отношению к 2023 году
2025-10-31,2025,месяц,октябрь,94.7,data (35).xls,2.14.Я5.2,Увеличение числа посещений организаций культуры по отношению к 2023 году,Увеличение числа посещений организаций культуры по отношению к 2023 году
2025-11-30,2025,месяц,ноябрь,104.4,data (35).xls,2.14.Я5.2,Увеличение числа посещений организаций культуры по отношению к 2023 году,Увеличение числа посещений организаций культуры по отношению к 2023 году
2025-12-31,2025,месяц,декабрь,116.7,data (35).xls,2.14.Я5.2,Увеличение числа посещений организаций культуры по отношению к 2023 году,Увеличение числа посещений организаций культуры по отношению к 2023 году
2026-01-31,2026,месяц,январь,9.5,data (35).xls,2.14.Я5.2,Увеличение числа посещений организаций культуры по отношению к 2023 году,Увеличение числа посещений организаций культуры по отношению к 2023 году
2026-02-28,2026,месяц,февраль,18.8,data (35).xls,2.14.Я5.2,Увеличение числа посещений организаций культуры по отношению к 2023 году,Увеличение числа посещений организаций культуры по отношению к 2023 году
2026-03-31,2026,месяц,март,28.8,data (35).xls,2.14.Я5.2,Увеличение числа посещений организаций культуры по отношению к 2023 году,Увеличение числа посещений организаций культуры по отношению к 2023 году
