region_code,region_name,tile_label,federal_district,tile_x,tile_y,has_tile_polygon,data_20.xls_2.14.Я.1,data_21.xls_2.14.Я.2,data_22.xls_2.14.Я.3,data_23.xls_2.14.Я.4,data_25.xls_2.14.Я.6,data_29.xls_2.14.Я3.1,data_30.xls_2.14.Я3.2,data_31.xls_2.14.Я3.3,data_32.xls_2.14.Я3.3,data_33.xls_2.14.Я3.4,data_34.xls_2.14.Я3.5,data_35.xls_2.14.Я5.2
01,Республика Адыгея,АД,Южный федеральный округ,4,9,True,12.9,1.368,0.402,5.9,94.9,7.99,10.21,2.5,1.9,88.32,35.49,24.7
02,Республика Башкортостан,БА,Приволжский федеральный округ,13,7,True,14.4,1.296,0.351,2.46,95.8,8.68,11.99,3.8,2.5,85.22,38.31,35.6
03,Республика Бурятия,БУР,Дальневосточный федеральный округ,23,3,True,33.8,1.451,0.556,11.54,85.2,7.03,20.86,3.3,2.7,85.22,22.03,27.0
04,Республика Алтай,АЛР,Сибирский федеральный округ,19,6,True,25.9,1.792,0.699,15.59,80.2,11.14,14.22,4.9,3.5,100.0,34.72,27.0
05,Республика Дагестан,ДАГ,Северо-Кавказский федеральный округ,9,12,True,51.4,1.766,0.707,1.07,95.9,7.63,5.3,6.5,4.0,87.1,18.97,28.1
06,Республика Ингушетия,ИНГ,Северо-Кавказский федеральный округ,7,12,True,37.4,1.72,0.933,5.45,82.4,8.3,12.2,5.1,3.6,99.65,100.0,22.2
07,Кабардино-Балкарская Республика,КБР,Северо-Кавказский федеральный округ,9,11,True,18.1,1.575,0.607,3.48,85.3,11.95,15.25,3.7,1.2,94.06,100.0,32.4
08,Республика Калмыкия,КАЛ,Южный федеральный округ,6,8,True,18.1,1.22,0.514,11.87,84.4,4.47,0.0,4.6,4.1,81.7,20.0,26.2
09,Карачаево-Черкесская Республика,КЧР,Северо-Кавказский федеральный округ,8,11,True,20.1,1.356,0.528,5.56,90.4,8.51,20.2,3.4,4.7,88.38,34.69,30.9
10,Республика Карелия,КАР,Северо-Западный федеральный округ,1,0,True,16.5,1.505,0.352,4.91,96.7,6.0,9.09,4.2,9.3,81.04,13.48,28.1
11,Республика Коми,КОМ,Северо-Западный федеральный округ,2,2,True,21.1,1.482,0.401,4.62,95.1,6.4,13.44,3.8,1.4,83.73,15.56,26.4
12,Республика Марий Эл,МЭ,Приволжский федеральный округ,10,6,True,20.3,1.345,0.387,27.86,83.7,11.06,16.82,4.9,4.1,75.38,22.64,28.2
13,Республика Мордовия,МОР,Приволжский федеральный округ,12,6,True,11.0,1.017,0.242,48.46,83.3,10.62,14.89,1.6,4.9,83.89,51.13,29.2
14,Республика Саха (Якутия),ЯКТ,Дальневосточный федеральный округ,22,2,True,30.9,1.489,0.587,4.69,98.2,8.12,12.16,3.4,1.5,82.99,16.28,25.9
15,Республика Северная Осетия - Алания,СОА,Северо-Кавказский федеральный округ,10,11,True,15.9,1.516,0.507,4.51,82.0,8.03,7.99,4.0,5.3,50.05,13.66,31.8
16,Республика Татарстан,ТАТ,Приволжский федеральный округ,14,5,True,8.6,1.422,0.31,14.95,94.9,8.09,18.84,2.6,2.3,84.94,46.03,26.3
17,Республика Тыва,ТЫВ,Сибирский федеральный округ,19,7,True,26.7,2.152,0.973,16.25,68.6,7.17,10.61,6.7,7.2,80.05,14.95,31.5
18,Удмуртская Республика,УДМ,Приволжский федеральный округ,13,5,True,12.7,1.292,0.342,4.49,97.7,6.99,21.22,3.1,2.3,89.82,38.12,30.8
19,Республика Хакасия,ХАК,Сибирский федеральный округ,20,6,True,19.7,1.406,0.424,6.17,97.9,6.04,19.02,3.0,2.8,89.13,22.76,28.6
20,Чеченская Республика,ЧЕЧ,Северо-Кавказский федеральный округ,8,12,True,27.9,2.58,1.335,2.22,96.1,6.93,4.6,4.8,5.1,82.95,0.0,39.3
21,Чувашская Республика - Чувашия,ЧУВ,Приволжский федеральный округ,11,6,True,18.1,1.329,0.364,2.51,96.6,9.12,13.65,2.7,1.0,100.0,23.27,31.7
22,Алтайский край,АЛК,Сибирский федеральный округ,18,6,True,24.1,1.179,0.321,10.59,96.4,10.14,16.7,3.7,2.0,99.49,34.01,27.2
23,Краснодарский край,КДР,Южный федеральный округ,3,9,True,24.0,1.484,0.338,1.88,96.3,5.35,13.59,3.6,3.3,87.7,51.39,29.3
24,Красноярский край,КРЯ,Сибирский федеральный округ,21,6,True,18.8,1.352,0.352,2.21,96.5,7.98,6.77,4.3,4.3,84.04,25.55,31.4
25,Приморский край,ПРИ,Дальневосточный федеральный округ,23,4,True,18.7,1.384,0.344,4.69,81.1,8.69,13.17,5.1,3.3,82.02,33.95,33.8
26,Ставропольский край,СТА,Северо-Кавказский федеральный округ,7,11,True,20.9,1.232,0.359,24.51,84.8,7.09,11.0,5.1,4.2,86.61,27.0,28.9
27,Хабаровский край,ХАБ,Дальневосточный федеральный округ,22,4,True,13.8,1.377,0.369,2.89,96.7,6.04,5.08,4.0,3.9,83.15,24.35,25.7
28,Амурская область,АМУ,Дальневосточный федеральный округ,24,3,True,24.7,1.339,0.333,16.28,97.3,8.75,14.89,5.1,3.4,91.21,16.4,28.0
29,Архангельская область,АРХ,Северо-Западный федеральный округ,2,0,True,13.6,1.327,0.313,2.68,95.5,7.18,14.12,4.4,3.9,92.5,24.49,27.8
30,Астраханская область,АСТ,Южный федеральный округ,5,8,True,13.6,1.566,0.509,3.43,98.3,8.82,17.61,4.3,6.5,91.79,43.1,25.6
31,Белгородская область,БЕЛ,Центральный федеральный округ,8,5,True,12.8,1.093,0.208,7.32,98.6,8.75,5.2,4.3,6.4,85.28,29.33,27.5
32,Брянская область,БРЯ,Центральный федеральный округ,8,4,True,21.9,1.109,0.249,6.82,95.6,10.44,15.42,4.0,2.3,100.0,24.86,29.8
33,Владимирская область,ВЛД,Центральный федеральный округ,6,4,True,16.3,1.064,0.273,3.16,96.3,8.4,11.28,1.8,1.7,94.89,28.05,28.2
34,Волгоградская область,ВГГ,Южный федеральный округ,4,8,True,19.1,1.086,0.269,18.0,97.9,10.36,9.27,4.9,2.7,92.89,43.19,26.2
35,Вологодская область,ВОЛ,Северо-Западный федеральный округ,1,2,True,11.4,1.39,0.362,2.68,97.2,9.5,19.31,5.7,2.9,87.01,92.24,26.0
36,Воронежская область,ВРН,Центральный федеральный округ,9,5,True,7.9,1.218,0.242,13.44,96.5,8.03,10.66,3.0,3.4,86.99,40.9,32.6
37,Ивановская область,ИВН,Центральный федеральный округ,7,4,True,12.5,1.221,0.287,2.83,84.3,9.09,12.49,4.6,1.4,95.3,16.03,30.4
38,Иркутская область,ИРК,Сибирский федеральный округ,18,7,True,37.6,1.557,0.466,1.43,98.1,7.82,9.87,5.7,4.0,90.95,16.68,29.4
39,Калининградская область,КГД,Северо-Западный федеральный округ,0,1,True,13.9,1.185,0.268,3.02,93.3,8.74,15.63,4.0,2.2,93.57,23.42,21.1
40,Калужская область,КЛЖ,Центральный федеральный округ,4,4,True,17.1,1.25,0.407,5.75,97.5,9.99,7.0,4.9,5.5,80.52,6.17,27.7
41,Камчатский край,КАМ,Дальневосточный федеральный округ,24,2,True,21.7,1.561,0.392,9.84,84.4,2.84,7.59,4.3,6.1,86.38,20.75,27.7
42,Кемеровская область - Кузбасс,КЕМ,Сибирский федеральный округ,21,5,True,14.3,1.121,0.295,7.85,95.1,8.17,13.93,5.6,5.8,94.81,17.47,30.4
43,Кировская область,КИР,Приволжский федеральный округ,11,5,True,18.7,1.422,0.321,25.84,97.8,10.16,11.98,3.1,3.2,95.53,20.03,34.3
44,Костромская область,КОС,Центральный федеральный округ,6,3,True,21.4,1.39,0.354,47.25,97.8,10.42,9.82,3.1,5.3,72.12,33.03,29.7
45,Курганская область,КУРГ,Уральский федеральный округ,15,6,True,14.8,1.512,0.49,3.15,98.5,7.06,15.81,6.1,3.8,86.36,38.73,28.2
46,Курская область,КУР,Центральный федеральный округ,5,5,True,10.5,1.168,0.248,7.35,75.0,8.68,8.97,3.9,3.1,97.55,31.26,25.8
47,Ленинградская область,ЛЕН,Северо-Западный федеральный округ,2,1,True,10.7,0.911,0.231,4.96,97.4,11.99,20.21,3.2,2.8,90.13,29.25,25.4
48,Липецкая область,ЛИП,Центральный федеральный округ,6,5,True,14.8,1.16,0.286,3.48,98.7,9.6,11.46,2.9,2.9,86.23,35.64,29.8
49,Магаданская область,МАГ,Дальневосточный федеральный округ,25,2,True,15.6,1.205,0.345,23.91,96.7,6.89,22.48,4.9,4.2,85.89,11.11,24.4
50,Московская область,МОСО,Центральный федеральный округ,8,3,True,18.9,1.3,0.31,1.49,97.9,6.89,12.94,3.3,3.8,92.49,60.28,30.0
51,Мурманская область,МУР,Северо-Западный федеральный округ,0,0,True,12.0,1.272,0.273,5.28,97.9,6.96,9.84,4.1,0.9,91.02,12.66,32.4
52,Нижегородская область,НИЖ,Приволжский федеральный округ,10,5,True,9.8,1.324,0.279,2.33,98.5,6.36,12.02,3.6,3.5,93.41,28.72,31.3
53,Новгородская область,НВГ,Северо-Западный федеральный округ,3,1,True,18.6,1.211,0.345,27.14,83.4,5.7,8.99,4.4,1.1,89.37,19.69,27.8
54,Новосибирская область,НСО,Сибирский федеральный округ,19,5,True,21.6,1.399,0.353,9.37,95.2,7.34,14.97,4.2,2.9,87.75,34.35,32.1
55,Омская область,ОМС,Сибирский федеральный округ,18,5,True,23.1,1.412,0.382,1.88,97.6,8.52,10.26,4.0,3.0,84.89,52.55,26.9
56,Оренбургская область,ОРЕ,Приволжский федеральный округ,12,7,True,14.1,1.382,0.372,1.75,96.5,7.69,10.51,3.5,2.3,91.48,23.07,29.7
57,Орловская область,ОРЛ,Центральный федеральный округ,9,4,True,14.5,1.119,0.252,3.41,96.0,5.04,14.38,5.5,5.9,78.41,15.48,28.9
58,Пензенская область,ПЕН,Приволжский федеральный округ,13,6,True,23.0,1.118,0.235,5.0,97.9,8.59,11.48,4.1,3.3,98.01,22.81,29.1
59,Пермский край,ПЕР,Приволжский федеральный округ,12,5,True,16.8,1.426,0.409,1.24,85.4,8.73,22.86,4.4,7.2,90.13,31.15,31.4
60,Псковская область,ПСК,Северо-Западный федеральный округ,0,2,True,24.5,1.24,0.318,4.8,96.2,4.12,14.37,4.3,4.4,96.78,21.1,21.0
61,Ростовская область,РОС,Южный федеральный округ,3,8,True,17.5,1.264,0.286,3.37,97.1,7.14,9.95,3.6,3.1,87.18,42.37,30.7
62,Рязанская область,РЯЗ,Центральный федеральный округ,4,5,True,20.9,1.149,0.286,26.93,97.6,10.3,12.0,4.0,1.9,86.09,38.46,28.7
63,Самарская область,САМ,Приволжский федеральный округ,10,7,True,19.4,1.302,0.3,4.38,96.8,6.79,17.7,4.4,3.3,80.1,27.39,29.8
64,Саратовская область,САР,Приволжский федеральный округ,11,7,True,17.7,1.065,0.248,4.77,98.3,8.49,14.23,4.1,4.5,84.0,30.61,33.1
65,Сахалинская область,САХ,Дальневосточный федеральный округ,24,4,True,25.1,1.635,0.449,10.27,95.7,9.09,13.6,3.8,1.9,77.82,24.82,26.9
66,Свердловская область,СВР,Уральский федеральный округ,15,5,True,15.5,1.461,0.371,0.84,97.1,7.15,16.43,4.0,3.4,94.83,24.46,27.4
67,Смоленская область,СМЛ,Центральный федеральный округ,7,3,True,17.5,1.012,0.228,3.06,70.5,9.2,7.1,3.6,6.1,85.06,22.6,35.1
68,Тамбовская область,ТАМ,Центральный федеральный округ,7,5,True,23.4,1.135,0.274,25.18,95.9,8.2,14.56,4.0,5.8,95.97,55.55,30.1
69,Тверская область,ТВЕ,Центральный федеральный округ,4,3,True,25.7,1.232,0.335,2.29,80.3,5.54,10.74,4.7,4.7,79.4,39.45,28.2
70,Томская область,ТОМ,Сибирский федеральный округ,20,5,True,23.4,1.134,0.28,3.21,97.5,5.38,13.86,4.3,1.1,69.53,26.09,31.4
71,Тульская область,ТУЛ,Центральный федеральный округ,5,4,True,12.0,1.129,0.271,29.61,97.0,9.51,8.3,3.9,1.9,86.58,42.19,33.3
72,Тюменская область,ТЮМ,Уральский федеральный округ,16,6,True,15.9,1.666,0.474,8.19,94.5,7.58,12.56,3.1,3.2,91.47,32.91,30.4
73,Ульяновская область,УЛЬ,Приволжский федеральный округ,14,6,True,15.3,1.225,0.298,8.99,96.6,7.04,11.26,4.4,5.3,97.78,37.63,25.3
74,Челябинская область,ЧЕЛ,Уральский федеральный округ,17,6,True,17.0,1.378,0.363,1.8,85.1,8.62,14.28,3.1,3.2,64.33,23.17,29.6
75,Забайкальский край,ЗАБ,Дальневосточный федеральный округ,22,3,True,22.5,1.49,0.493,5.26,95.3,10.15,6.75,4.8,5.7,82.07,17.04,27.0
76,Ярославская область,ЯРС,Центральный федеральный округ,5,3,True,15.0,1.217,0.264,2.31,98.5,7.75,14.83,3.0,2.6,86.29,27.86,25.2
77,Москва,МСК,Центральный федеральный округ,9,3,True,7.7,1.416,0.252,99.12,95.7,4.42,0.0,3.4,2.9,100.0,20.52,27.2
78,Санкт-Петербург,СПБ,Северо-Западный федеральный округ,1,1,True,10.1,1.231,0.211,0.83,97.0,7.71,0.0,4.1,3.6,98.41,29.93,27.6
79,Еврейская автономная область,ЕАО,Дальневосточный федеральный округ,25,3,True,33.5,1.367,0.444,17.34,65.3,2.98,20.48,7.7,7.2,40.76,23.07,25.0
83,Ненецкий автономный округ,НАО,Северо-Западный федеральный округ,3,0,True,30.7,1.503,0.593,23.19,97.8,6.22,21.8,4.2,10.2,90.62,24.24,31.3
86,Ханты-Мансийский автономный округ - Югра,ХМАО,Уральский федеральный округ,16,5,True,7.6,1.532,0.515,2.76,95.7,9.95,17.32,3.8,1.4,82.23,36.56,29.6
87,Чукотский автономный округ,ЧУК,Дальневосточный федеральный округ,23,2,True,11.3,1.684,0.643,45.02,98.8,6.36,10.06,25.7,0.0,55.21,34.36,40.4
89,Ямало-Ненецкий автономный округ,ЯНАО,Уральский федеральный округ,17,5,True,7.3,2.0,0.66,10.95,95.2,9.05,18.32,3.4,2.5,86.79,35.26,27.9
90,Запорожская область,ЗАП,Новые регионы / Южный макрорегион,9,9,True,,,,1.94,,,,,,,,
91,Республика Крым,КРЫ,Южный федеральный округ,5,9,True,11.3,1.459,0.388,4.91,93.8,7.39,12.71,4.6,3.7,71.41,36.44,32.1
92,Севастополь,СЕВ,Южный федеральный округ,6,9,True,30.2,1.061,0.19,8.42,97.8,7.02,0.0,1.9,4.3,74.58,23.64,34.2
93,Донецкая Народная Республика,ДНР,Новые регионы / Южный макрорегион,7,9,True,,,,3.14,,,,,,,,
94,Луганская Народная Республика,ЛНР,Новые регионы / Южный макрорегион,8,9,True,,,,1.52,,,,,,,,
95,Херсонская область,ХЕР,Новые регионы / Южный макрорегион,10,9,True,,,,3.74,,,,,,,,
