indicator_code,indicator_name,unit,baseline_year,baseline_value,target_year,target_value,direction,target_source
2.14.Я.1,Уровень бедности среди многодетных семей,процент,2023.0,27.2,2025,22.9,decrease,"Паспорт национального проекта «Семья», таблица показателей"
2.14.Я.1,Уровень бедности среди многодетных семей,процент,2023.0,27.2,2026,20.7,decrease,"Паспорт национального проекта «Семья», таблица показателей"
2.14.Я.1,Уровень бедности среди многодетных семей,процент,2023.0,27.2,2027,18.5,decrease,"Паспорт национального проекта «Семья», таблица показателей"
2.14.Я.1,Уровень бедности среди многодетных семей,процент,2023.0,27.2,2028,16.4,decrease,"Паспорт национального проекта «Семья», таблица показателей"
2.14.Я.1,Уровень бедности среди многодетных семей,процент,2023.0,27.2,2029,14.2,decrease,"Паспорт национального проекта «Семья», таблица показателей"
2.14.Я.1,Уровень бедности среди многодетных семей,процент,2023.0,27.2,2030,12.0,decrease,"Паспорт национального проекта «Семья», таблица показателей"
2.14.Я.2,Суммарный коэффициент рождаемости,единица,2023.0,1.41,2025,1.443,increase,"Паспорт национального проекта «Семья», таблица показателей"
2.14.Я.2,Суммарный коэффициент рождаемости,единица,2023.0,1.41,2026,1.473,increase,"Паспорт национального проекта «Семья», таблица показателей"
2.14.Я.2,Суммарный коэффициент рождаемости,единица,2023.0,1.41,2027,1.503,increase,"Паспорт национального проекта «Семья», таблица показателей"
2.14.Я.2,Суммарный коэффициент рождаемости,единица,2023.0,1.41,2028,1.533,increase,"Паспорт национального проекта «Семья», таблица показателей"
2.14.Я.2,Суммарный коэффициент рождаемости,единица,2023.0,1.41,2029,1.563,increase,"Паспорт национального проекта «Семья», таблица показателей"
2.14.Я.2,Суммарный коэффициент рождаемости,единица,2023.0,1.41,2030,1.593,increase,"Паспорт национального проекта «Семья», таблица показателей"
2.14.Я.3,Суммарный коэффициент рождаемости третьих и последующих детей,единица,2023.0,0.372,2025,0.399,increase,"Паспорт национального проекта «Семья», таблица показателей"
2.14.Я.3,Суммарный коэффициент рождаемости третьих и последующих детей,единица,2023.0,0.372,2026,0.414,increase,"Паспорт национального проекта «Семья», таблица показателей"
2.14.Я.3,Суммарный коэффициент рождаемости третьих и последующих детей,единица,2023.0,0.372,2027,0.428,increase,"Паспорт национального проекта «Семья», таблица показателей"
2.14.Я.3,Суммарный коэффициент рождаемости третьих и последующих детей,единица,2023.0,0.372,2028,0.443,increase,"Паспорт национального проекта «Семья», таблица показателей"
2.14.Я.3,Суммарный коэффициент рождаемости третьих и последующих детей,единица,2023.0,0.372,2029,0.459,increase,"Паспорт национального проекта «Семья», таблица показателей"
2.14.Я.3,Суммарный коэффициент рождаемости третьих и последующих детей,единица,2023.0,0.372,2030,0.475,increase,"Паспорт национального проекта «Семья», таблица показателей"
2.14.Я.4,"Доля пожилых граждан и инвалидов, получающих долговременный уход, от общего числа нуждающихся",процент,2023.0,10.37,2025,10.5,increase,Паспорт нацпроекта и Стратегия старшего поколения до 2030 года
2.14.Я.4,"Доля пожилых граждан и инвалидов, получающих долговременный уход, от общего числа нуждающихся",процент,2023.0,10.37,2026,11.2,increase,Паспорт нацпроекта и Стратегия старшего поколения до 2030 года
2.14.Я.4,"Доля пожилых граждан и инвалидов, получающих долговременный уход, от общего числа нуждающихся",процент,2023.0,10.37,2027,11.2,increase,Паспорт нацпроекта и Стратегия старшего поколения до 2030 года
2.14.Я.4,"Доля пожилых граждан и инвалидов, получающих долговременный уход, от общего числа нуждающихся",процент,2023.0,10.37,2028,17.5,increase,Паспорт нацпроекта и Стратегия старшего поколения до 2030 года
2.14.Я.4,"Доля пожилых граждан и инвалидов, получающих долговременный уход, от общего числа нуждающихся",процент,2023.0,10.37,2029,23.9,increase,Паспорт нацпроекта и Стратегия старшего поколения до 2030 года
2.14.Я.4,"Доля пожилых граждан и инвалидов, получающих долговременный уход, от общего числа нуждающихся",процент,2023.0,10.37,2030,30.3,increase,Паспорт нацпроекта и Стратегия старшего поколения до 2030 года
2.14.Я.5,Количество созданных центров воспроизведения аудиовизуального контента,единица,2024.0,0.0,2025,40.0,increase,"Паспорт национального проекта «Семья», таблица показателей"
2.14.Я.5,Количество созданных центров воспроизведения аудиовизуального контента,единица,2024.0,0.0,2026,180.0,increase,"Паспорт национального проекта «Семья», таблица показателей"
2.14.Я.5,Количество созданных центров воспроизведения аудиовизуального контента,единица,2024.0,0.0,2027,410.0,increase,"Паспорт национального проекта «Семья», таблица показателей"
2.14.Я.5,Количество созданных центров воспроизведения аудиовизуального контента,единица,2024.0,0.0,2028,570.0,increase,"Паспорт национального проекта «Семья», таблица показателей"
2.14.Я.5,Количество созданных центров воспроизведения аудиовизуального контента,единица,2024.0,0.0,2029,735.0,increase,"Паспорт национального проекта «Семья», таблица показателей"
2.14.Я.5,Количество созданных центров воспроизведения аудиовизуального контента,единица,2024.0,0.0,2030,900.0,increase,"Паспорт национального проекта «Семья», таблица показателей"
2.14.Я.6,"Уровень удовлетворенности граждан работой государственных и муниципальных организаций культуры, искусства и народного творчества",процент,2023.0,53.7,2025,56.5,increase,"Паспорт национального проекта «Семья», таблица показателей"
2.14.Я.6,"Уровень удовлетворенности граждан работой государственных и муниципальных организаций культуры, искусства и народного творчества",процент,2023.0,53.7,2026,58.0,increase,"Паспорт национального проекта «Семья», таблица показателей"
2.14.Я.6,"Уровень удовлетворенности граждан работой государственных и муниципальных организаций культуры, искусства и народного творчества",процент,2023.0,53.7,2027,59.5,increase,"Паспорт национального проекта «Семья», таблица показателей"
2.14.Я.6,"Уровень удовлетворенности граждан работой государственных и муниципальных организаций культуры, искусства и народного творчества",процент,2023.0,53.7,2028,60.0,increase,"Паспорт национального проекта «Семья», таблица показателей"
2.14.Я.6,"Уровень удовлетворенности граждан работой государственных и муниципальных организаций культуры, искусства и народного творчества",процент,2023.0,53.7,2029,61.5,increase,"Паспорт национального проекта «Семья», таблица показателей"
2.14.Я.6,"Уровень удовлетворенности граждан работой государственных и муниципальных организаций культуры, искусства и народного творчества",процент,2023.0,53.7,2030,63.0,increase,"Паспорт национального проекта «Семья», таблица показателей"
2.14.Я3.1,Охват граждан репродуктивного возраста (18–49 лет) диспансеризацией с целью оценки репродуктивного здоровья,процент,,,2030,50.0,increase,Стратегия семейной и демографической политики до 2036 года
2.14.Я3.1,Охват граждан репродуктивного возраста (18–49 лет) диспансеризацией с целью оценки репродуктивного здоровья,процент,,,2036,50.0,increase,Стратегия семейной и демографической политики до 2036 года
2.14.Я3.3,Младенческая смертность,на 1 тыс. родившихся живыми,,,2030,3.9,decrease,Стратегия семейной и демографической политики до 2036 года
2.14.Я3.3,Младенческая смертность,на 1 тыс. родившихся живыми,,,2036,3.7,decrease,Стратегия семейной и демографической политики до 2036 года
2.14.Я3.5,"Доля беременных женщин, обратившихся в медицинские организации в ситуации репродуктивного выбора, получивших услуги и вставших на учет по беременности",процент,,,2030,26.0,increase,Стратегия семейной и демографической политики до 2036 года
2.14.Я3.5,"Доля беременных женщин, обратившихся в медицинские организации в ситуации репродуктивного выбора, получивших услуги и вставших на учет по беременности",процент,,,2036,30.0,increase,Стратегия семейной и демографической политики до 2036 года
2.14.Я1.5,"Доля молодых студенческих семей и матерей/отцов с детьми, получивших поддержку вузов",процент,,,2030,90.0,increase,Стратегия семейной и демографической политики до 2036 года
2.14.Я1.5,"Доля молодых студенческих семей и матерей/отцов с детьми, получивших поддержку вузов",процент,,,2036,90.0,increase,Стратегия семейной и демографической политики до 2036 года
2.14.Я2.2,"Доля обучающихся 1–4 классов образовательных организаций, посещающих группы продленного дня",процент,,,2030,17.6,increase,Стратегия семейной и демографической политики до 2036 года
2.14.Я2.2,"Доля обучающихся 1–4 классов образовательных организаций, посещающих группы продленного дня",процент,,,2036,17.6,increase,Стратегия семейной и демографической политики до 2036 года
