region_code,region_name,tile_label,federal_district,tile_x,tile_y,has_tile_polygon
01,Республика Адыгея,АД,Южный федеральный округ,4,9,True
02,Республика Башкортостан,БА,Приволжский федеральный округ,13,7,True
03,Республика Бурятия,БУР,Дальневосточный федеральный округ,23,3,True
04,Республика Алтай,АЛР,Сибирский федеральный округ,19,6,True
05,Республика Дагестан,ДАГ,Северо-Кавказский федеральный округ,9,12,True
06,Республика Ингушетия,ИНГ,Северо-Кавказский федеральный округ,7,12,True
07,Кабардино-Балкарская Республика,КБР,Северо-Кавказский федеральный округ,9,11,True
08,Республика Калмыкия,КАЛ,Южный федеральный округ,6,8,True
09,Карачаево-Черкесская Республика,КЧР,Северо-Кавказский федеральный округ,8,11,True
10,Республика Карелия,КАР,Северо-Западный федеральный округ,1,0,True
11,Республика Коми,КОМ,Северо-Западный федеральный округ,2,2,True
12,Республика Марий Эл,МЭ,Приволжский федеральный округ,10,6,True
13,Республика Мордовия,МОР,Приволжский федеральный округ,12,6,True
14,Республика Саха (Якутия),ЯКТ,Дальневосточный федеральный округ,22,2,True
15,Республика Северная Осетия - Алания,СОА,Северо-Кавказский федеральный округ,10,11,True
16,Республика Татарстан,ТАТ,Приволжский федеральный округ,14,5,True
17,Республика Тыва,ТЫВ,Сибирский федеральный округ,19,7,True
18,Удмуртская Республика,УДМ,Приволжский федеральный округ,13,5,True
19,Республика Хакасия,ХАК,Сибирский федеральный округ,20,6,True
20,Чеченская Республика,ЧЕЧ,Северо-Кавказский федеральный округ,8,12,True
21,Чувашская Республика - Чувашия,ЧУВ,Приволжский федеральный округ,11,6,True
22,Алтайский край,АЛК,Сибирский федеральный округ,18,6,True
23,Краснодарский край,КДР,Южный федеральный округ,3,9,True
24,Красноярский край,КРЯ,Сибирский федеральный округ,21,6,True
25,Приморский край,ПРИ,Дальневосточный федеральный округ,23,4,True
26,Ставропольский край,СТА,Северо-Кавказский федеральный округ,7,11,True
27,Хабаровский край,ХАБ,Дальневосточный федеральный округ,22,4,True
28,Амурская область,АМУ,Дальневосточный федеральный округ,24,3,True
29,Архангельская область,АРХ,Северо-Западный федеральный округ,2,0,True
30,Астраханская область,АСТ,Южный федеральный округ,5,8,True
31,Белгородская область,БЕЛ,Центральный федеральный округ,8,5,True
32,Брянская область,БРЯ,Центральный федеральный округ,8,4,True
33,Владимирская область,ВЛД,Центральный федеральный округ,6,4,True
34,Волгоградская область,ВГГ,Южный федеральный округ,4,8,True
35,Вологодская область,ВОЛ,Северо-Западный федеральный округ,1,2,True
36,Воронежская область,ВРН,Центральный федеральный округ,9,5,True
37,Ивановская область,ИВН,Центральный федеральный округ,7,4,True
38,Иркутская область,ИРК,Сибирский федеральный округ,18,7,True
39,Калининградская область,КГД,Северо-Западный федеральный округ,0,1,True
40,Калужская область,КЛЖ,Центральный федеральный округ,4,4,True
41,Камчатский край,КАМ,Дальневосточный федеральный округ,24,2,True
42,Кемеровская область - Кузбасс,КЕМ,Сибирский федеральный округ,21,5,True
43,Кировская область,КИР,Приволжский федеральный округ,11,5,True
44,Костромская область,КОС,Центральный федеральный округ,6,3,True
45,Курганская область,КУРГ,Уральский федеральный округ,15,6,True
46,Курская область,КУР,Центральный федеральный округ,5,5,True
47,Ленинградская область,ЛЕН,Северо-Западный федеральный округ,2,1,True
48,Липецкая область,ЛИП,Центральный федеральный округ,6,5,True
49,Магаданская область,МАГ,Дальневосточный федеральный округ,25,2,True
50,Московская область,МОСО,Центральный федеральный округ,8,3,True
51,Мурманская область,МУР,Северо-Западный федеральный округ,0,0,True
52,Нижегородская область,НИЖ,Приволжский федеральный округ,10,5,True
53,Новгородская область,НВГ,Северо-Западный федеральный округ,3,1,True
54,Новосибирская область,НСО,Сибирский федеральный округ,19,5,True
55,Омская область,ОМС,Сибирский федеральный округ,18,5,True
56,Оренбургская область,ОРЕ,Приволжский федеральный округ,12,7,True
57,Орловская область,ОРЛ,Центральный федеральный округ,9,4,True
58,Пензенская область,ПЕН,Приволжский федеральный округ,13,6,True
59,Пермский край,ПЕР,Приволжский федеральный округ,12,5,True
60,Псковская область,ПСК,Северо-Западный федеральный округ,0,2,True
61,Ростовская область,РОС,Южный федеральный округ,3,8,True
62,Рязанская область,РЯЗ,Центральный федеральный округ,4,5,True
63,Самарская область,САМ,Приволжский федеральный округ,10,7,True
64,Саратовская область,САР,Приволжский федеральный округ,11,7,True
65,Сахалинская область,САХ,Дальневосточный федеральный округ,24,4,True
66,Свердловская область,СВР,Уральский федеральный округ,15,5,True
67,Смоленская область,СМЛ,Центральный федеральный округ,7,3,True
68,Тамбовская область,ТАМ,Центральный федеральный округ,7,5,True
69,Тверская область,ТВЕ,Центральный федеральный округ,4,3,True
70,Томская область,ТОМ,Сибирский федеральный округ,20,5,True
71,Тульская область,ТУЛ,Центральный федеральный округ,5,4,True
72,Тюменская область,ТЮМ,Уральский федеральный округ,16,6,True
73,Ульяновская область,УЛЬ,Приволжский федеральный округ,14,6,True
74,Челябинская область,ЧЕЛ,Уральский федеральный округ,17,6,True
75,Забайкальский край,ЗАБ,Дальневосточный федеральный округ,22,3,True
76,Ярославская область,ЯРС,Центральный федеральный округ,5,3,True
77,Москва,МСК,Центральный федеральный округ,9,3,True
78,Санкт-Петербург,СПБ,Северо-Западный федеральный округ,1,1,True
79,Еврейская автономная область,ЕАО,Дальневосточный федеральный округ,25,3,True
83,Ненецкий автономный округ,НАО,Северо-Западный федеральный округ,3,0,True
86,Ханты-Мансийский автономный округ - Югра,ХМАО,Уральский федеральный округ,16,5,True
87,Чукотский автономный округ,ЧУК,Дальневосточный федеральный округ,23,2,True
89,Ямало-Ненецкий автономный округ,ЯНАО,Уральский федеральный округ,17,5,True
90,Запорожская область,ЗАП,Новые регионы / Южный макрорегион,9,9,True
91,Республика Крым,КРЫ,Южный федеральный округ,5,9,True
92,Севастополь,СЕВ,Южный федеральный округ,6,9,True
93,Донецкая Народная Республика,ДНР,Новые регионы / Южный макрорегион,7,9,True
94,Луганская Народная Республика,ЛНР,Новые регионы / Южный макрорегион,8,9,True
95,Херсонская область,ХЕР,Новые регионы / Южный макрорегион,10,9,True
